Brain_Anterior_cortex_GTExFC,Breast_Tissue_GTExFC,HIPred,mousescore_Exomiser,SDI,RVIS_Score,Colon_Transverse_GTExFC,Brain_Cortex_GTExFC
0.437944,1.145373,0.771454096,0,3.63608214,-2.09,0.498882,0.274796
0.314485,0.937921,0.670620084,0.884429274,4.77784717,-1.97,-0.619337,0.250539
-0.14003265,0.00479077,0.558083044,0.054735507,4.840962344,-0.0763,-0.03273327,0.04811546
-0.1530397,0.02648232,0.590129934,0.024334418,4.414524051,-0.2482,-0.06286054,0.00273305
-0.17040102,0.0295786,0.219771292,0.010592828,6.423002265,1.2983,-0.07279555,0.02677189
-0.15116474,0.00484032,0.639089217,0.059399694,5.30124572,-0.2485,-0.05439395,0.01119285
-0.16478008,0.04921918,0.2583745,0.005142404,3.598104135,0.3651,-0.03729453,0.00992018
-1.02053348,-0.08408601,0.672605511,0.091719604,9.451767375,-0.316,-0.03323894,-0.05843572
-0.34232712,0.01618845,0.278134313,0.009104892,4.185447038,0.4992,-0.08113233,-0.04458395
-0.94728879,-0.01510718,0.615531057,0.07123322,6.111167827,-0.3582,-0.06914492,0.0159813
-0.09564668,-0.00289798,0.617086036,0.041186355,5.338615989,-0.3052,-0.06459728,0.01042344
-0.1722805,0.05370454,0.272556649,0.01256424,3.402109468,0.3483,-0.05846647,-0.03046001
-0.16792665,0.03965162,0.506612689,0.0332547,4.232431012,0.2346,-0.07076784,-0.00366191
-0.13485405,0.02712153,0.146139458,0.005142404,2.812284126,0.2149,-0.00078856,0.04348061
-0.15095447,0.01579882,0.55898192,0.046515735,5.118045508,0.0673,-0.0169987,0.00761444
-0.2090297,-0.12172486,0.235347317,0.128444239,8.889853179,0.6765,-0.06526609,-0.06242073
-0.14238888,0.04443709,0.209532616,0.009104892,4.014395816,0.7106,-0.042171,0.02680985
-0.14062767,0.03269759,0.223367278,0.005142404,3.540557316,0.288,-0.03800399,0.00779475
-0.15076601,0.01825276,0.579121335,0.024334418,4.72670761,-0.2674,-0.06754044,0.00484192
-0.96804456,-0.03705739,0.682339448,0.095715934,8.818084069,-0.2604,-0.02922404,-0.05740924
-0.14297583,0.02244156,0.590893126,0.024334418,4.992591134,-0.256,-0.06027733,0.0036763
0.142542,0.189852,0.123297259,0,3.506272151,0.46,0.164342,0.169534
2.700781,0.944708,0.158249199,0.930627006,7.94256213,-0.57,0.874487,-0.202015
-0.31733467,0.942147,0.435617685,0,0,-0.4,-1.35634473,0.09246905
-0.219034,0.453982,0.75617367,0,9.41746522,0.13,-0.077848,-0.302262
-6.643856,-1.030139,0.698045254,0.8266041,9.88631356,-0.27,0.500749,-0.609726
-0.198661,-0.518201,0.572527647,0,11.75996628,-0.2,0.289183,1.436575
0.869709,0.621135,0.238498077,0.514240382,2.80622297,-0.25,0.560162,-0.937578
-0.783462,-1.201365,0.595852905,0.570663532,2.91936788,-0.670299239,-0.437346,-0.20941
0.906778,0.956111,0.668925405,0.838732221,10.75900262,0.42,0.254384,-1.460321
-0.907425,1.667331,0.172807097,0.905486233,4.7137448,0.49,1.241344,-0.712651
-0.254352,0.125809,0.831385493,0,8.7600131,-0.65,-0.055102,0.098281
-0.61431543,-0.01241145,0.146139458,0.039226498,5.484895597,0.4262,0.00909883,-0.17228774
-0.16102015,0.04348832,0.226396315,0.009096077,3.760237134,0.4471,-0.01496659,-0.00726511
-0.30328594,0.02947538,0.280573203,0.010634657,3.950056178,0.2624,-0.11415386,-0.0927313
-0.14400414,0.02382782,0.301523508,0.005142404,3.570473553,0.1771,-0.02352791,0.01038772
-0.16928315,0.05467364,0.578225198,0.023068909,4.8443926,-0.0645,-0.05000677,0.00685834
-0.13315884,0.04026767,0.237914741,0.005142404,3.510142566,0.2857,-0.06316738,0.03719788
-0.12379413,0.01958927,0.23174604,0.005142404,3.091006878,0.2411,-0.02044277,0.02169055
2.481168,4.056207,0.219635889,0,1.70705006,0.1811,3.820491,2.624324
-0.630144,-1.416701,0.824394882,0.363622861,4.92982383,-0.42,-0.194131,1.102047
0.88903,0.155375,0.735934734,0,4.94565415,-1.52,-0.358302,-0.240288
-0.10755496,0.01294132,0.179693475,0.009104892,5.514864953,0.257,-0.03618856,0.0366022
-0.14470489,0.04878112,0.239258384,0.005142404,3.558123126,0.4784,-0.03886266,0.00676877
0.818733,0.363099,0.460647643,0.578384088,25.5898132,-0.0014,0.608191,-1.275063
-0.854902,-0.447159,0.139342904,0.557884944,14.6291652,0.04,0.405443,1.449647
0.190617,0.237398,0.537733793,0,3.71537399,-0.02,0.243541,0.259344
2.397692,0.95,0.146139458,0,1.99024055,0.72,0.840067,2.097186
-0.133125,-1.150809,0.718624055,0.768817187,5.35980957,-0.34,0.705136,-0.166316
-0.150206,-0.063113,0.713784814,0,5.85157295,-0.05,0.294703,-0.340381
-0.658817,-1.474394,0.300877631,0,0,0.55,-0.903789,-0.707624
-6.643856,-0.543357,0.748623252,0,0,0.4,0.431375,0.603996
-6.643856,0.992851,0.443419188,0,1.00352946,-0.512699239,-2.343962,0.836792
0.979215,0.430169,0.767620981,0,11.67800063,-1.02,-0.220279,-0.097032
0.15259635,-0.10626641,0.111908376,0.017536198,2.283549116,0.32,-0.3407402,-0.05822811
0.101861,-0.275693,0.79961127,0.358930757,12.5785497,-0.19,0.479139,-0.286526
-0.464901,0.701987,0.7969836,0,9.78859286,0.44,-2.467515,-1.693179
0.287248,-1.139811,0.852899194,0,5.90929868,-0.76,-6.643856,0.120866
0.595103,0.652726,0.451622128,0.494209116,1.99950007,0.08,0.62613,0.370038
-0.12541089,0.03736746,0.17792584,0.009096077,4.126297823,0.41,-0.00394691,0.01200439
-0.14779533,0.05531705,0.246227467,0.005142404,3.672311274,0.3701,-0.0689427,0.00740142
-0.17429241,0.04722666,0.283592487,0.005142404,3.522102425,0.349,-0.03710295,0.01498733
1.327652,-0.42085113,0.836621523,0,0,-0.05,-0.678064,0.192509
-1.860728,0.175855,0.693781972,0.499434067,6.87689431,-2.09,-0.246612,-0.055056
0.159761,-0.276997,0.693386316,0.49080455,3.74177141,-3.51,0.51022,-0.216786
-1.301027,-0.32183,0.622939706,0.512173321,1.90066426,-0.55,0.789084,0.236308
-0.220455,0.525699,0.602114379,0.570663532,3.49140794,-0.71,0.177308,0.116971
0.186647,0.340093,0.638582647,0,3.8518009,0.08,-0.250359,0.349774
-0.107466,-0.092177,0.519577324,0,3.55585587,0.96,-0.172432,0.136588
0.622263,0.346528,0.170952082,0,1.86907763,0.24,0.258877,0.683173
0.189685,2.690621,0.736296356,0.431381082,9.88779187,-0.62,0.347742,0.147283
-0.291509,0.102271,0.661956608,0,11.6844728,-1.04,0.091608,0.078268
0.386135,0.421366,0.669261694,0.396248826,5.52376604,0.82,0.373378,0.153392
0.262695,0.301174,0.429466158,0,2.93496915,0.71,0.301778,0.328344
-0.764119,-0.435721,0.769165754,0.788155246,23.41984427,-0.32,-0.246638,-0.752038
-0.231954,-0.346884,0.186891869,0,5.188619495,1.84,-0.350403,-0.275445
1.054111,0.869961,0.421012312,0.528331768,1.98266541,-0.27,-0.731149,-0.302339
-0.481138,-0.452264,0.830946863,0,8.79295894,-0.32,0.374767,0.610646
-0.25881,-0.230223,0.684597015,0,6.62521728,-0.36,-0.245257,0.130718
-0.45770481,-6.643856,0.111908376,0,1.98266541,0.13,0.715396,-2.176795
-1.320466,0.937646,0.553528666,0.363622861,14.88905883,0.31,0.419937,-0.163561
-0.166527,0.275503,0.488307536,0,4.70997211,-0.58,0.140331,-0.218051
-0.997811,0.2474,0.581228554,0,8.44786072,0.46,0.923207,1.46018
0.17023,0.076075,0.396241546,0,8.67033304,0.09,0.142358,0.135482
0.644855,0.961434,0.332020491,0,4.7073544,1.64,-0.747575,1.324236
-0.431777,0.545232,0.72829324,0,0,-0.43,0.129746,-0.139424
-1.214994,-0.005878,0.564055979,0.528331768,11.91440126,0.19,-4.427492,0.853902
0.111331,-0.901291,0.875350475,0,6.95230661,-0.41,0.251278,0.219899
0.107227,0.1786,0.575333595,0,2.93429059,-1.57,0.155842,0.095092
-1.350952,1.229697,0.139342904,0.853179975,2.89489364,1.54,1.975835,-1.257155
0.175602,0.117682,0.757599056,0.504094097,6.46145605,-0.53,0.134763,-0.094362
1.148323,1.473649,0.28995356,0,1.96195718,-0.08,-0.318889,0.589845
0.334788,0.750392,0.262694746,0,3.94830677,0.42,0.48756,0.361334
0.395553,0.18352,0.233205885,0,0,0.41,-0.114095,0.318325
-0.842868,-0.521846,0.418466419,0,4.89372234,-1.46,0.541637,-6.643856
-0.428985,0.474404,0.698162794,0,5.64448814,-0.63,0.327414,0.331335
0.214107,-1.372894,0.746013939,0,1.99049944,-0.67,0.31789,-0.18414
0.16492123,0.54678661,0.218970262,0.009092635,2.165414625,1.057,-0.61565772,-0.09697226
-0.14302766,0.01163305,0.534811284,0.050217082,4.684175214,-0.3393,-0.02691952,0.06338387
-0.13698239,0.04183069,0.202282771,0.005142404,3.63031662,0.3671,-0.04224057,0.02339992
0.528463,-0.471305,0.396258533,0,1.70705006,0.0695,-1.77715,0.233962
0.114459,-0.318022,0.782960892,0.389625962,37.57141285,-0.58,0.080909,0.065452
-6.643856,4.054573,0.132359073,0.930627006,1.6697435,-1.19,-2.517421,-6.643856
-0.37420732,0.19150279,0.111908376,0.826392613,1.6697435,0.56,-0.72718949,-0.25709645
1.497806,0.954902,0.309100866,0,3.92083295,-0.69,1.463754,-0.539329
-0.04595205,0.76100215,0.111908376,0,2.89366853,-0.6,-0.08753717,-0.13580574
1.852474,1.058942,0.506795704,0,1.96359409,-0.7726,0.991508,1.493583
0.274249,0.325818,0.146139458,0.451842443,2.32162457,-0.31,0.311363,-0.379826
-0.73683597,-3.13808995,0.111908376,0,3.866916,0.71,1.453106,-1.89461354
0.168244,0.136839,0.17792584,0,4.15127092,-0.29,0.093473,0.143353
0.920978,-0.876634,0.390099078,0,12.63081829,-0.01,0.657492,0.814529
0.115473,-0.385079,0.591572225,0.887688063,1.99992492,-0.1,-0.134251,0.125859
-0.56218883,0.48139629,0.123297259,0.003901989,1.567314873,0.59,-0.49187298,-0.59782859
-0.14943177,0.04760987,0.60083731,0.015238341,4.637001192,-0.2898,-0.05087951,-0.00581654
-0.15527709,0.01530405,0.62565782,0.075525863,5.741302401,-0.1834,-0.04970155,-0.00020256
-2.0353,0.547539,0.636229453,0,4.307099062,-0.527699239,0.493944,-0.512271
0.404068,0.230603,0.824708164,0,4.62746682,-3.18,0.334907,-0.571829
3.226119,0.689471,0.146139458,0,8.91291128,-0.77,1.060052,0.943332
-0.559994,-0.313727,0.747131348,0.528793336,12.88289324,-2.23,-0.75659,0.478139
-6.643856,0.875719,0.848568261,0.913254607,1.86907763,-0.392899239,0.858855,-3.749093
0.83232,0.364163,0.449802697,0.887688063,6.87802251,-0.21,1.677239,-6.643856
-0.748222,0.238272,0.800036311,0,1.74820254,-0.38,0.250259,-0.391565
0.180802,0.185824,0.708682775,0,1.98608503,-0.72,0.206156,0.160309
1.033123,-0.231002,0.743839204,0,10.79296239,-0.6,0.307767,-0.226652
-0.474731,-0.442863,0.167412758,0,9.82593735,1.08,-0.491042,-0.543527
-0.93179347,0.39953959,0.207264473,0,0,0.5901,-0.0131994,0.3024522
4.652547,-0.398971,0.762403488,0.514240382,11.79347495,0.24,-0.734207,-0.624248
-0.19661,-2.965094,0.824708164,0.513919247,0,-0.56,0.824736,0.407776
-5.042806,0.523809,0.634786546,0.494209116,7.86340488,-0.71,-0.69071,1.709162
0.179344,-0.24725,0.836875796,0.475599242,6.45844108,-2.81,0.312818,0.370824
-0.76579,-0.177697,0.705665529,0.465192662,6.70564693,-0.92,-0.255355,-0.220753
1.336073,-0.11762993,0.69255507,0,2.89203741,-0.03,-0.787168,-0.553199
0.878831,-1.009969,0.394304127,0,1.95677062,0.55,-0.941394,-0.545916
-0.684797,-0.17389,0.715512335,0,1.12427871,-0.58,0.256367,0.086588
-0.91034922,-0.02929004,0.692917344,0.071340826,9.749833534,-0.2707,-0.04809297,-0.09205076
-0.633839,-0.523963,0.27013588,0,1.99960351,2.67,0.589452,-0.996681
-0.854991,-0.075549,0.591455102,0,0,-0.63,-0.284807,-0.24816
0.703315,0.313994,0.824708164,0,1.61745951,-0.69,-0.709115,-0.528125
0.545531,0.24728,0.518273224,0.416240159,3.74225736,0.0098,-0.707694,-0.639352
-0.344762,-0.486422,0.38356629,0,2.19615612,-0.29,0.19832,-0.320553
0.356684,0.424624,0.630912066,0,8.84810219,-0.43,-0.356677,0.30669
1.28885,0.237022,0.836875796,0.564666898,2.75424746,-0.42,0.371095,-1.802988
-0.744941,-0.387166,0.824708164,0.431381082,7.74847463,-0.1,0.221814,-0.852766
0.582548,0.622362,0.748405397,0,2.80882657,-0.36,0.41905,0.479047
0.544096,-0.249565,0.728550792,0,3.95455952,-0.05,-0.11359,0.50318
-0.68452737,-2.80789491,0.295108467,0,3.85244898,-0.38,-1.05031227,-1.59123162
-0.39589249,0.33697042,0.123297259,0,4.95013216,0.53,-0.65974967,-0.02742113
-0.900297,-1.409731,0.238498077,0,1.98266541,0.69,-0.428249,-0.488083
1.042705,-0.172619,0.833060265,0.570663532,24.59899632,-0.27,-0.172461,-0.166936
-0.077393,0.257702,0.703993857,0,5.98324176,-0.02,0.306047,0.265699
-0.638903,-0.472885,0.527827442,0.855397621,26.460427,-0.401,-0.463126,0.775066
-1.395303,-0.881633,0.458951801,0,1.97547522,0.06,-3.274398,1.038356
-0.673067,-0.710548,0.778094649,0,10.67917885,-2.41,-1.23350312,-0.812796
-0.25068,-0.406497,0.443194807,0,1.99992492,-0.56,0.335775,0.088853
-1.925776,-0.340789,0.593201816,0.27755818,4.978203007,-1,-0.375682,0.187953
0.133198,-0.36868,0.636561334,0.172262543,4.415107691,-0.56,0.545364,-0.076607
0.141401,-0.137346,0.412954688,0,0,-0.25,-0.120712,-0.148467
0.495284,-0.193931,0.602500796,0,5.33091115,-1.06,0.298455,-0.348375
-0.19379948,0.02373144,0.146139458,0,0,0.68,-0.00609067,0.03710119
0.9067,-0.160329,0.146511853,0,12.72102078,0.08,0.1969,-0.412119
0.334003,0.274064,0.328141659,0,10.54543118,8.95,0.300364,0.375052
-1.10654,-1.000724,0.186891869,0,12.35448238,5.11,-1.018157,-0.957208
0.987979,0.525757,0.356269389,0,14.48467393,0.3,0.183751,0.95757
-0.62062406,0.140845,0.353563726,0,1.65679411,0.375,0.461081,-0.19323672
-0.235051,-0.258227,0.196595117,0,3.93670914,0.37,0.304214,0.275836
0.74937,-0.893812,0.642414148,0,21.50009141,-1.006699239,-0.970523,0.445263
-0.418023,-0.203614,0.39679274,0,6.86005273,-0.11,0.264681,-0.624339
0.250138,-0.171494,0.852899194,0,2.97639148,-0.15,0.134051,0.26475
1.008509,-1.178076,0.494588822,0,2.91372116,-0.54,-0.841615,-0.842168
1.834239,-0.54293723,0.72905165,0,5.91668299,-0.05,-0.232445,0.661552
-0.213734,-0.218841,0.685321391,0,4.60912048,-0.38,-0.111478,0.171999
0.626117,-1.191289,0.804062724,0.830863574,6.8125021,0.24,0.923585,1.538978
1.390349,-0.33122,0.79961127,0,5.7405052,-0.314,0.322363,-0.420827
-1.045324,-2.701647,0.401833534,0.549225289,3.9639913,0.73,-6.643856,1.226947
-0.303546,0.174826,0.743839204,0,15.82476944,-2.14,0.291576,-0.128113
-0.223738,-0.174478,0.596447028,0.742183659,2.98297969,-0.240198478,-0.913784,-0.372802
0.731563,0.221233,0.723324299,0.472965166,7.94127642,-0.33,1.11413,-0.195887
0.163109,-0.181779,0.705665529,0,7.90802953,-0.28,0.174294,-0.376017
-0.254566,-0.589565,0.824708164,0.494209116,5.85644216,-2.14,-0.183205,0.553345
0.684668,0.197172,0.484736234,0,2.7428922,0.59,0.124589,0.245579
0.209453,1.223688,0.728550792,0,11.69182943,-0.05,0.310808,0.528866
0.096344,-0.881263,0.714798927,0.442034071,3.81588039,-0.88,-0.35938,0.097852
3.290522,0.564996,0.774301469,0,3.75626441,-1.68,0.514466,-5.051266
0.419071,0.623563,0.714407027,0.855397621,14.76606971,0.24,0.423593,0.35824
0.852566,1.25633,0.369423717,0,1.74820254,0.64,0.465511,-1.057826
-0.540372,-0.502602,0.580139023,0,2.92856602,-0.5374,-0.940018,-0.17756
-6.643856,2.296986,0.72829324,0,0,7.61E-05,0.239065,-0.534871
-0.641932,-0.03810659,0.565498233,0,2.92012308,-0.38,1.816405,-0.223592
-6.643856,1.894309,0.716944396,0,4.77313532,-0.73,-0.367074,0.153651
-0.084531,-0.280951,0.745582581,0,6.70370701,-0.43,-0.250264,0.03563
0.42655,-0.332839,0.571837127,0,3.35283215,-1.32,0.359096,-0.309414
-1.916346,-0.686288,0.750652254,0.494209116,1.82330724,-0.6302,-0.364962,0.809333
-0.42945306,0.36817175,0.111908376,0,1.98841355,0.97,-0.52145416,-0.01906954
-0.42065329,0.43624382,0.123297259,0,1.98717466,0.35,-0.4728636,-0.24425863
-0.35467446,0.42187793,0.123297259,0,1.98717466,0.5257,-0.65919253,-0.25688201
-0.3523444,0.30259506,0.111908376,0,1.98841355,0.6003,-0.33548621,-0.29326433
-0.317056,0.986989,0.485596061,0,20.630263,-1.85,1.078351,0.308082
-0.10976277,0.01668526,0.132359073,0,4.52859362,3.56,0.04627196,-0.04213591
-1.351423,0.298609,0.824708164,0,6.91609969,-0.82,0.352137,0.145536
-0.621979,0.325094,0.75617367,0,1.98266541,0.33,-0.689734,-0.182782
0.721464,-0.789566,0.824708164,0.479453267,14.83915576,-7.28,-0.227889,0.14933
0.169926,0.062114,0.273053437,0,9.68123578,0.41,-0.193062,-0.251947
-0.263008,-0.354522,0.654942453,0.477882401,4.52819492,-1.31,-0.301772,-0.311009
0.66597,-0.060947,0.824708164,0.465944823,6.61160851,-0.71,0.297687,0.086098
-0.084733,0.381216,0.565020561,0,27.47563542,2.18,0.631828,0.027703
-0.493917,0.191435,0.519672751,0.387689527,4.90212349,-2.12,-0.470867,-0.163979
0.859064,-0.285694,0.700975537,0,9.69401325,-0.18,-0.10957,-0.234463
-0.929656,-0.28397,0.767147124,0,2.93755893,0.06,-1.396435,-0.24126
-0.415953,-0.117159,0.682115436,0.494209116,4.28735771,-0.99,-0.019516,0.716098
-0.97555863,-0.02480507,0.675508819,0.118197993,9.120255101,-0.3072,-0.07571463,-0.07917963
-0.502728,0.084428,0.650545239,0,8.26567547,0.51,0.064253,0.100667
0.477334,0.104274,0.824708164,0,4.66879313,-0.36,-0.30702,-0.072612
0.597821,-0.387869,0.743839204,0,12.90950108,-0.69,-1.577754,1.501415
2.260224,-0.347881,0.597733259,0.395367293,5.8717989,-0.53,-1.854367,-6.643856
0.174692,-0.177092,0.37917918,0,1.99733796,0.09,0.235502,0.193752
-0.99196039,0.63501638,0.501750886,0,1.74820254,-0.02,-0.54844278,0.04079553
-0.42605916,0.65052298,0.143669933,0,1.99932516,1.5607,-0.61718207,-0.56809071
-0.833125,-2.86022053,0.482412509,0,1.9940426,-0.6299,-1.749891,-6.643856
-6.643856,-0.320994,0.747131348,0.787925159,4.89364881,-3.1,-0.760845,0.837424
3.850186,4.347351,0.495365709,0.558572271,7.02337534,-2.78,-2.005174,-6.643856
0.922948,-6.643856,0.631864309,0,5.87436508,-3.64,2.292077,-3.501442
-0.720489,0.35716,0.781591654,0,2.98610432,-0.89,0.275147,0.282336
0.104458,-0.104933,0.792072892,0,7.54165982,-0.86,-0.072421,0.132118
-0.42878838,0.474997,0.111908376,0,0,1.2938,-0.62674138,-0.00701565
-0.11393,0.065333,0.432313383,0,2.00140612,0.19,-0.072886,-0.142222
0.192014,0.264992,0.320700407,0,5.62602042,-0.16,-0.198144,-0.200274
-0.476871,0.319353,0.824708164,0.899703515,7.68047773,-1.2,0.193909,0.32375
-0.31236128,0.23845434,0.444330692,0,0,0.88,-0.98438508,0.03810856
1.450146,-0.936904,0.782960892,0,5.42051031,-0.27,0.224891,0.209217
0.389723,-1.153188,0.636561334,0.882196062,9.79939448,-1.1,-0.971972,-6.643856
-3.079616,0.40511,0.715312243,0.570354007,8.93466965,-1.29,-0.265719,1.537555
-0.359242,-0.504179,0.594703972,0,8.84950791,0.15,-0.366766,-0.390562
1.018405,-0.561835,0.593016148,0.543648904,10.79073801,0.11,-0.329568,0.427018
2.166558,0.84224,0.474855743,0,1.99992573,-0.589299239,1.168516,-1.551028
-0.311825,0.638513,0.267443687,0,5.89036917,1.8,-0.251768,0.501038
2.088431,-3.829076,0.244530007,0.89609491,6.90823393,0.86,1.367762,-6.643856
-6.643856,-6.643856,0.181705475,0,2.83811816,0.53,2.419007,2.362735
0.626286,0.488045,0.711480618,0.932800606,3.98295932,-0.24,0.198776,0.414498
0.731934,0.539048,0.622939706,0.853179975,3.99033126,0,1.766588,-0.808762
0.307503,-1.846926,0.575230479,0,3.8377306,0.55,1.469183,-0.277353
-0.317685,-0.678582,0.653915465,0.545722407,10.93726445,1.07,-2.148263,0.863147
0.184816,-0.374156,0.762403488,0,4.62651381,1.39,0.10959,-0.608247
-0.481314,0.215041,0.638582647,0,0,-0.2,0.067781,-0.218985
0.679538,0.328431,0.229989916,0.431381082,7.6323214,-0.29,-0.225933,-0.182653
2.591148,0.697258,0.146139458,0,5.429372176,-0.1359,-1.340289,0.610929
-1.263687,0.13871912,0.45271197,0,14.75014718,1.91,-1.29850596,0.62231
-0.5038864,0.31090759,0.111908376,0,0,3.69,-0.55417502,-0.60797018
-0.3421292,0.16795407,0.170125708,0,1.74820254,1.13,-0.88069903,-0.42935762
-0.48481576,0.30845522,0.146139458,0,0,1.84,-0.61918531,-0.63216562
-0.59065954,0.29608899,0.25535503,0,0,1.612,-0.7633478,-0.73365277
-0.41597982,0.81616069,0.123297259,0,0,0.4516,-0.52571012,-0.20246471
-1.255153,0.38946286,0.111908376,0,0,1.02,-0.46979136,1.237485
-0.42729399,0.73990009,0.111908376,0,0,1.13,-0.69111606,-0.1790809
-0.42084124,0.74282368,0.146139458,0,0,0.37,-0.57437436,-0.5373317
3.027852,1.34553,0.146139458,0,1.98266541,1.73,1.406436,1.528439
-0.47713327,0.0827399,0.111908376,0,1.98266541,1.89,-0.48207434,-0.67088777
-0.43613704,0.03513182,0.111908376,0,1.98266541,1.48,-0.4979488,-0.65268413
-0.44483804,0.40419753,0.144167379,0,0,1.49,-0.64339655,-0.56487364
-0.279879,0.227781,0.563471615,0,6.67916052,-0.84,0.114352,0.083035
0.34335,-0.163886,0.579714477,0,3.902466209,-0.38,-0.15791,0.259248
-0.51941,0.855685,0.455463469,0.497331948,3.27505451,-0.89,0.381762,0.380092
-6.643856,0.0170602,0.22862041,0,2.99226437,0.31,-0.81945334,1.508609
-1.16525972,2.077231,0.146139458,0,1.86907763,0.61,-0.29874676,0.13979704
-0.338725,-0.289543,0.672696948,0.395367293,1.90038475,-0.16,-0.16758,0.238934
3.044109,-0.37289,0.80871886,0,2.99056035,-0.98,0.195191,0.281809
-0.499819,-0.740519,0.527515531,0,0,0.76,-1.658658,-0.890287
0.574886,0.247843,0.54646343,0,2.96331746,-0.73,0.645128,-0.222096
0.341451,0.66835,0.746229529,0,1.99962367,-1.1,0.468743,0.597113
-0.726059,-0.171249,0.640711069,0,0,1.05,0.44301,-0.191484
0.313907,-0.123625,0.650558949,0,1.99992492,-0.2,-0.270962,-0.102571
0.287155,-0.344191,0.737545311,0,8.90483434,0.04,0.12304,0.219026
0.415687,0.579013,0.852899194,0.494209116,10.79929478,-0.64,0.60788,0.370477
-0.147811,-0.124068,0.306420118,0.545042391,6.97589348,1.34,0.329098,0.214522
0.411528,0.470458,0.693781972,0,3.66240179,-1.89,-0.206078,0.230737
-2.179083,-1.552031,0.833875239,0.477894065,2.94475488,-0.0635,-0.099735,-0.527868
0.62266,0.582704,0.209607884,0,3.97250131,-0.0794,-0.285309,0.236576
1.196167,0.608337,0.71511656,0,1.99990361,-0.09,-0.956088,0.230452
0.8744294,-6.643856,0.608832916,0.292197168,5.95345819,-0.921399239,-0.972934,-0.39534363
-0.607843,-0.843818,0.250911236,0,9.90845216,1.01,1.777298,-0.542704
-3.980966,4.361848,0.348049432,0,4.93580207,-0.16,2.945032,-6.643856
-0.151077,0.278876,0.275690168,0,2.87341017,0.1649,-0.697553,-1.253592
-0.396594,0.142447,0.443194807,0,1.61745951,0.04,0.165707,0.221641
-0.44259306,0.22867553,0.250955823,0,4.81544009,0.5321,-0.56485386,-0.23379828
0.158363,0.101575,0.794491291,0.514240382,4.90475214,-0.36,0.230025,0.154901
0.211758,0.067522,0.824708164,0,8.79676704,-0.43,0.312155,-0.066979
0.375836,-0.240991,0.794239461,0.479453267,6.7860231,-0.14,-0.106626,-0.239946
-0.39379534,-2.7654667,0.25535503,0,2.424575036,1.67,-1.01532765,-0.81200667
-0.37461075,0.28328976,0.111908376,0,1.969734891,1.16,-0.68661393,-0.20076735
0.673385,-0.114031,0.824708164,0.485853291,3.97104425,-0.87,-0.283453,-0.234167
0.598427,0.795309,0.207279682,0,14.82926659,-1.37,0.677928,0.527408
-0.316706,-0.108166,0.3721928,0,4.97086711,2.16,0.047526,0.188074
-0.304386,-0.128681,0.71101737,0,7.43867349,-0.05,-0.023312,0.042989
0.281638,0.091006,0.782960892,0,12.50320448,-0.47,-0.101644,-0.088369
0.324622,-0.045352,0.782960892,0,9.67742038,-0.41,-0.04383,-0.077157
-0.12614,-0.066705,0.497687757,0,4.28855844,-0.2,-0.096828,-0.36418
-0.332921,-0.373508,0.782960892,0,15.67297733,-0.23,-0.163957,-0.15209
0.319639,-0.078277,0.824708164,0,7.74742911,0.19,-0.413444,0.22702
0.068619,-0.407651,0.748882174,0,2.93433955,-3.08,0.195906,0.502132
-3.490059,0.788607,0.292119116,0,1.70705006,0.52,-2.190401,1.200768
-0.329044,-0.067671,0.655866444,0,8.5953168,0.3,-0.203474,-0.052798
0.220435,-0.439804,0.566305161,0,3.86565544,0.51,-0.528587,-0.414822
-0.536085,-1.171325,0.152543604,0.76009538,8.75669984,-0.05,-0.355014,0.248785
0.729081,-0.623498,0.139342904,0,1.99980452,1.6967,0.740071,0.720166
-0.790156,-1.8706929,0.748086929,0,2.80908984,-0.47,1.033212,0.130377
-0.35030583,-0.08744888,0.111908376,0,0,-0.25,-0.66280343,0.00197034
-0.14012554,0.03095872,0.214144617,0.005142404,3.518357003,0.2448,-0.03501797,0.03997697
1.921278,0.993061,0.509073628,0.277105366,5.531834036,-0.0039,0.789989,1.51973
-0.32951162,0.78397357,0.146390479,0,1.104495013,0.7731,-0.63327866,-0.20341314
0.18973813,0.606714,0.437786306,0.171987299,3.74020526,-0.4486,1.025522,0.11540343
-0.2238522,-0.718168,0.683458215,0.298367349,6.443020206,-0.4888,0.16007716,0.05207849
-0.597908,0.45423072,0.14872127,0.004651927,1.109252853,0.4459,-0.61327833,-0.21865883
-0.456331,0.110063,0.289121509,0,10.515842,1.85,-0.138215,0.071972
-0.220814,-0.115311,0.146139458,0,3.760210191,1.44,0.17203,-0.3168
0.433574,-0.250331,0.402789861,0,1.47083869,-0.71,-0.221796,0.061828
0.247412,0.211459,0.426189721,0,2.97179723,-2,0.094836,-0.118852
-0.16172205,0.66634038,0.519814193,0.468244205,3.97098282,-1.32,-0.92425798,-0.12746562
0.377492,0.449822,0.778094649,0,10.68395422,-1.99,-0.53641,-0.17247
-1.227865,0.220822,0.667762339,0.540926836,6.69970933,-0.27,0.275704,0.675051
0.394247,-0.380701,0.55241257,0,1.96798985,-0.2776,0.138314,0.102967
-0.32892,0.690733,0.123297259,0,1.97755717,0.13,1.304366,-0.633348
0.373332,0.300631,0.770912826,0,2.97639148,0.22,0.306909,0.327357
2.021782,3.74593,0.704433322,0,2.8304118,-0.26,-3.244911,1.281653
-0.474556,-0.072453,0.809006751,0,2.8304118,-0.42,0.392951,0.191069
0.204244,-0.171158,0.72829324,0,0,-0.99,0.128495,0.295614
-1.394423,0.547868,0.638582647,0.804354974,5.83357103,-1.31,-0.509919,-0.124126
0.10239836,-2.585297,0.177065939,0.395367293,3.79511105,0.28,0.06832,-0.268023
-6.643856,0.226202,0.788574338,0,7.92021891,-0.07,-0.566456,-6.643856
-0.499124,0.03460278,0.319299012,0,3.64963493,-1.02,-1.54550744,0.299681
1.357182,-1.839644,0.637993336,0.906644289,17.64906737,-0.18,0.469424,0.611489
-2.561732,0.298086,0.764511526,0,2.90120367,0.17,0.14242,1.057222
6.02017,2.857078,0.684255004,0,2.93433955,0.33,0.600307,2.006981
0.731398,0.163412,0.70702368,0,2.81500504,-1.22,-0.241688,0.23631
0.730691,-0.180967,0.767620981,0.570663532,11.8139906,-1.15,-0.205037,0.390678
-0.43954,0.383822,0.824708164,0.477894065,10.52385559,-0.34,0.089448,0.515697
0.657647,0.735615,0.604412496,0,3.83438442,-0.53,-0.401803,-0.748666
0.998997,-0.147847,0.693781972,0,7.9682249,-0.2789,-0.095,0.377891
0.700845,-0.20921,0.724559009,0,1.61745951,-1.11,0.603774,0.290006
-0.832684,-0.106686,0.207913831,0,2.99256063,0.1794,0.213694,-0.176743
-0.314691,-0.158484,0.839585781,0,3.66240179,-0.89,0.097742,-0.132747
-0.176666,-0.489951,0.786468923,0.930627006,7.79276302,-0.34,-0.319392,0.078075
-6.643856,-1.133551,0.444217145,0,0,-0.03,-0.726186,0.45738
-1.046551,-1.277434,0.123297259,0,1.98266541,0.17,1.984369,-0.955853
-0.48394853,-1.31898033,0.123297259,0,1.98266541,1.2,-0.55491899,-0.6469539
0.997176,0.904576,0.146139458,0,2.96764242,1.42,0.920788,0.935199
-0.16117195,0.28229592,0.111908376,0,1.98266541,0.19,-0.52634024,-0.08446235
-0.78233027,0.65762473,0.186891869,0,0,0.0683,-0.85913984,0.0349655
0.179113,-0.328814,0.824708164,0,6.56033859,-0.22,0.251395,0.242384
-1.34403396,0.04450005,0.693340123,0,14.05338892,-0.2809,-1.437728,1.473936
0.105292,-0.106234,0.123297259,0,0,1.97,0.058503,0.386008
-0.924388,-1.96064,0.560328544,0,0,-0.192999239,-3.799154,0.778439
0.2392,0.283794,0.831385493,0.731960198,13.82529558,-0.12,0.298794,0.21115
-0.24808,0.179008,0.679628551,0.395367293,7.91602311,0.18,0.323346,0.275841
0.215469,0.330125,0.603037536,0.477735479,2.97531153,-0.47,-1.851342,0.552408
0.535193,-0.090252,0.801729143,0,7.96584047,-3.42,-0.028144,-0.349584
-0.629722,0.218293,0.288511723,0,1.9977004,-0.05,0.222433,0.163731
1.314363,0.201898,0.413446665,0,0,-0.359199239,-0.237342,0.399109
-0.188466,0.082208,0.30187729,0,4.93672721,-0.21,-0.133542,0.217401
-1.338926,-0.507192,0.831385493,0.570663532,13.71759198,-0.25,0.394553,0.216064
0.19268,0.205911,0.444217145,0,3.52306165,-0.36,0.238527,0.214443
0.108496,0.110577,0.705665529,0,2.97859857,-0.83,0.192494,0.303465
-0.233578,-0.229482,0.288511723,0,5.80132248,-0.2,-0.559962,-0.134247
0.769983,0.638151,0.824708164,0,1.86907763,-0.07,0.466218,0.274054
1.076039,-0.602359,0.215832233,0.390198871,7.38523278,1.71,-0.765019,0.959874
-0.20162153,1.15393,0.208481908,0,8.9127305,-0.55,-0.49824659,-0.13609016
0.228692,0.090794,0.598057508,0,27.2328624,-0.05,-0.095893,-0.156217
0.331941,-0.117442,0.639467537,0.477262341,17.84158698,-1.79,-0.106662,0.157507
-6.643856,-0.224942,0.786468923,0.959358571,4.75766587,-0.62,-0.157049,-0.487937
2.236093,0.344346,0.66378357,0.528331768,7.87963926,-0.6255,-1.469416,1.749947
-0.283241,-0.410778,0.146139458,0,1.98266541,0.24,0.303238,-0.213432
-0.21333106,-0.90035126,0.111908376,0,1.98266541,0.62,-0.72708002,-0.47260946
0.784135,0.081869,0.745582581,0,7.92940676,-0.2,-0.15088,0.155665
-0.15495455,0.04901064,0.284408854,0.005142404,3.786303587,0.3126,-0.07819194,0.00902068
-0.825796,-0.444329,0.792615056,0,6.84360167,-1.16,0.62076,-0.646464
-0.13590205,0.04690994,0.226663001,0.040424068,3.822875244,0.2843,-0.04822903,0.01234262
0.570652,0.142802,0.554481149,0,0,-0.3186,-0.104441,0.609755
-0.285389,0.68523,0.602099478,0,1.79395999,-2.17,-0.092708,-0.169642
-0.17152116,-0.01457554,0.451113993,0.034147787,6.873106148,0.4627,-0.06409165,0.05717574