wgEncodeBroadHmmHuvecHMM.count,GDI_Score,Minor Salivary Gland_GTExTPM,Liver_GTExTPM,Testis_GTExTPM,mousescore_Exomiser,fishscore_Exomiser,humanscore_Exomiser,HIPred,SDI,Testis_GTExFC,SignalValue_H3k4me1_median,Pituitary_GTExFC,RVIS_Score,Brain_Frontal_Cortex_BA9_GTExFC,Brain_Cortex_GTExFC,Brain_Nucleus_accumbens_basal_ganglia_GTExFC,Colon_Transverse_GTExFC,Skin_Not_Sun_Exposed_Suprapubic_GTExFC,`Brain_Spinal_cord_cervical_c-1`_GTExFC,Brain_Anterior_cingulate_cortex_BA24_GTExFC,Brain_Cerebellum_GTExFC,Nerve_Tibial_GTExFC,Breast_Mammary_Tissue_GTExFC,Ovary_GTExFC,Artery_Coronary_GTExFC
280,407.27264,0.0720083,0.0836391,1.04186,0,0,0,0.771454096,3.63608214,0.534513,6.98143,-1.837408,-2.09,0.326554,0.274796,0.582739,0.498882,1.735174,0.801624,0.437944,0.302197,0.737976,1.145373,0.924459,3.160413
56,117.11773,4.15827,8.69046,0.506314,0.884429274,0,0,0.670620084,4.77784717,-0.242594,4.11477,0.568715,-1.97,-0.317595,0.250539,-0.469268,-0.619337,0.364388,-0.481913,0.314485,-1.363194,0.163588,0.937921,0.334298,0.429516
1,1512.78445,20.8997214,11.2203146,24.801223,0.076703634,0,0.015733089,0.609613461,4.99491328,-0.04203211,8.3897393,-0.05427356,-0.1134,0.02721135,0.07149645,0.04231488,-0.01533387,-0.04892755,0.14587341,-0.15478675,0.06279106,0.01077934,-0.00358293,-0.00025215,-0.30285069
357,12.38694,27.111672,16.8479232,43.7195658,0.032877162,0,0,0.627727599,7.016965189,0.00088654,8.6029018,-0.00402664,-0.2192,0.01253018,0.02004838,0.00651896,-0.06399772,-0.08112014,0.02045989,-0.16647538,-0.02293473,0.02525416,0.00108004,-0.01716747,0.05800321
24,1095.24097,31.5879204,19.25562507,34.6541694,0.009589065,0,0,0.240947806,5.830684608,0.01999134,7.2274544,-0.09296363,1.0539,-0.04833387,0.03423376,0.05289525,-0.05412431,-0.0598445,0.15395574,-0.12970365,0.03909364,-0.01240171,0.00540279,-0.13357145,0.04060398
966,332.05359,21.4432157,11.8740019,27.1179744,0.059353575,0,0.018515081,0.641087395,4.629270702,0.01832502,8.61645865,-0.17963483,-0.2374,0.1010653,0.02551095,0.01097438,-0.04657835,-0.08565863,0.0246631,-0.12398897,0.0263623,-0.01703985,0.00509547,-0.03527391,0.06585417
162,371.98567,19.1637668,11.062721,23.1960756,0,0,0.028089352,0.225907194,3.671318533,-0.01171417,8.70351265,-0.08077984,0.4381,-0.02865117,0.03823842,0.08178188,-0.02462085,-0.07494372,0.10904314,-0.137224,0.08232808,0.03092356,0.02789343,0.04545511,0.11551143
290,0.61257,67.7579022,32.7576468,104.2197266,0.048249997,0,0.091576039,0.702403824,9.510742455,-0.07724836,12.7035,0.03614266,-0.2894,-0.54799871,-0.06953454,-0.29995492,-0.06352541,-0.07044592,-1.90054618,-1.01645471,-0.1678162,0.12374113,-0.07904011,-0.09178778,-0.04172873
104,1535.52979,31.8428226,18.1367758,39.8458134,0,0,0.009574271,0.272718812,3.980928347,-0.01634683,12.0118,-0.07557578,0.7264,-0.27677917,-0.00028568,-0.08598151,-0.04570548,-0.08161032,-0.22559099,-0.31603972,0.01476858,-0.00356426,0.02267558,0.00925847,-0.02989321
6,2.95899,38.6555617,20.0414368,44.3793196,0.071437101,0,0.028722813,0.665055002,8.367351011,-0.13112748,7.97421,-0.02689414,-0.3333,-0.34435361,-0.01566042,-0.12742662,-0.05338946,-0.04909556,-0.05234913,-0.80322768,-0.06137076,0.03752661,-0.04192905,-0.04648592,0.00438332
1399,12.51592,33.9466313,20.05931152,43.8999203,0.06220076,0,0.021258445,0.656871102,5.636118727,0.00795264,8.65213535,-0.18070861,-0.285699239,0.07577535,0.01177321,-0.02848835,-0.0529294,-0.08672776,-0.10932786,-0.10949973,-0.01269225,-0.0327053,-0.00895878,-0.10934794,0.02256709
210,171.18661,19.7297373,13.6924754,22.9486975,0,0,0.00894081,0.267907118,3.387071813,0.01538613,7.766,-0.06919897,0.4357,-0.08208386,0.02323132,0.06350386,-0.03748406,-0.07996779,0.06134233,-0.16452276,0.07451676,0.02522943,0.04629605,0.05818457,0.09281947
261,4573.51533,21.8337415,11.9463436,29.2677986,0.013542738,0,0.024298289,0.484741652,4.523505294,-0.02845599,7.39595,-0.04788999,0.341,0.00992278,0.00713153,0.0638843,-0.07071959,-0.07006183,0.08471032,-0.16631061,0.04104253,0.00620106,0.03535434,0.05357114,0.09082802
21,31.18816,49.3400259,23.8921416,79.1344706,0,0,0,0.146139458,4.018311058,0.0030332,7.12536,-0.06024019,0.2013,-0.00595062,0.05539085,0.06221997,0.01112663,-0.07046497,0.10472127,-0.12743801,0.07169219,0.0079357,0.00315123,-0.00936166,0.01731691
846,3024.54248,24.7041974,12.9025262,33.255351,0.028753859,0,0.031090568,0.518269801,4.966955789,0.00556458,9.83397,-0.02796664,0.0706,0.05385228,0.00316405,0.01668332,-0.0401463,-0.07626347,0.09433305,-0.11038156,0.03625588,0.01228449,0.01846452,-0.03239243,0.05755742
30,2440.91385,36.103237,18.05184628,43.349005,0.075329186,0,0.031907149,0.24377649,11.28809664,0.00825415,3.22414,0.10739092,1.0397,-0.11869102,-0.08266997,-0.35014688,-0.0580847,-0.07339836,0.12581246,-0.30982338,-0.00756568,-0.15972509,-0.16230546,0.02912186,-0.28849581
66,1631.49769,26.0541788,13.4809617,31.7899433,0.003953673,0,0,0.225963973,3.970377194,-0.01663498,8.48397025,-0.06480365,0.9547,-0.03347368,0.0446609,0.07719611,-0.05634525,-0.08146647,0.14653273,-0.14924221,0.0691822,0.02771283,0.03242608,0.04757145,0.10677452
105,86.29137,25.0511895,15.4364975,30.6270338,0,0,0,0.214487668,3.701725356,-0.00642604,8.99874,-0.06989912,0.2583,-0.02213797,0.03597139,0.06251424,-0.02279561,-0.08282494,0.13832281,-0.14690739,0.05059142,0.02639759,0.0037733,0.02206793,0.09972667
176,10.46141,23.9274365,18.4347792,38.7342573,0.047613152,0,0,0.645981003,5.426471381,-0.01043039,8.4972861,-0.00598483,-0.2414,0.00518721,0.02184841,0.01020534,-0.06216465,-0.07627459,0.01754622,-0.16099681,0.00013349,0.02413004,-0.00139921,-0.02522852,0.06342556
135,0.31036,88.2771294,72.64887786,80.7167301,0.055421,0,0.028722813,0.710784945,8.379662617,-0.13756811,9.1719844,0.01615197,-0.253499239,-0.48251977,-0.10077836,-0.12590594,-0.06482848,-0.06687957,-1.13922487,-0.79766779,-0.15073935,0.17365017,-0.02025818,-0.38383239,-0.06753789
115,7.54913,30.9023089,20.3775742,42.5444169,0.043659479,0,0,0.647926583,7.47601915,0.00232554,8.4599124,0.00401713,-0.2124,-0.00540147,0.02208624,0.00496425,-0.05617025,-0.07371599,0.00979957,-0.16902847,-0.00258911,0.01979142,-0.0033666,-0.02590413,0.04199622
80,139.59497,16.0221,41.5886,7.19681,0,0,0,0.123297259,3.467461711,0.195067,7.52807,0.155903,0.46,-0.343331,0.169534,0.135342,0.164342,0.153864,0.29971,0.142542,0.264815,0.164554,0.189852,-0.245238,0.329856
17,1006.9095,8.69263,0.520167,112.341,0.930627006,0,0.816284141,0.158249199,7.94256213,0.354105,6.08771,0.926743,-0.57,-0.346445,-0.202015,0.050503,0.874487,-0.327757,0.926871,2.700781,-0.509752,-0.316966,0.944708,0.285139,-2.652866
39,73.5044,0.0733223,68.4379,0.312212,0,0,0,0.435617685,0,-0.358025,8.0012621,0.671513,-0.4,-0.4819305,0.08234428,-0.69386443,-1.24228154,-0.35700701,-0.875467,-0.44609153,0.574404,-0.39537561,0.942147,-6.643856,-0.92616148
112,194.54546,16.8404,37.2952,15.4911,0,0,0,0.75617367,9.41746522,-0.192889,7.01009,0.131111,0.13,0.249961,-0.302262,0.056083,-0.077848,-0.331836,-0.48562,-0.219034,0.097961,0.160341,0.453982,0.845702,0.194477
251,3.60496,207.196,27.3746,236.486,0.8266041,0,0.957427108,0.698045254,9.88631356,-0.125782,5.00635,0.492867,-0.27,1.469023,-0.609726,-0.530516,0.500749,-0.8075,-6.643856,-6.643856,-1.677822,-0.420131,-1.030139,-0.256048,0.740259
33,30.51321,3.56339,0.158664,35.5194,0,0,0,0.572527647,11.75996628,-0.217793,7.63748,-6.643856,-0.2,0.251886,1.436575,-0.379024,0.289183,-0.792889,0.418033,-0.198661,-0.232386,0.544052,-0.518201,-0.388974,0.656434
269,62.69652,2.67546,4.6432,3.12083,0.514240382,0,0,0.238498077,2.80622297,2.682174,3.2277,1.684791,-0.25,-6.643856,-0.937578,1.762535,0.560162,1.404356,0.626748,0.869709,-1.804823,0.680528,0.621135,0.471321,-5.868582
266,95.03749,0.358247,0.182195,1.23019,0.570663532,0,0,0.581296373,2.91936788,0.693304,4.69039,-3.161312,-0.666199239,0.235568,-0.20941,-0.647004,-0.437346,1.506588,-6.643856,-0.783462,-1.184796,-2.701629,-1.201365,-6.643856,-0.605254
52,2513.68991,4.83225,3.40578,0.649181,0.838732221,0,0,0.668925405,10.75900262,-0.326643,9.69708,1.313345,0.42,-6.643856,-1.460321,0.690348,0.254384,0.272742,1.372258,0.906778,0.748377,0.280182,0.956111,-0.665428,-2.177262
198,587.2068,5.54074,1007.43,10.2313,0.905486233,0,0.957427108,0.172807097,4.7137448,0.657833,7.8220225,0.56415,0.49,-0.635085,-0.712651,-0.670928,1.241344,2.685574,-2.811439,-0.907425,-0.514723,-0.474817,1.667331,1.260023,-1.932665
38,17.52078,27.0545,28.1895,43.5993,0,0,0,0.831385493,8.7600131,0.018661,9.28198,-0.217787,-0.65,-0.229374,0.098281,0.006734,-0.055102,-0.120169,-0.083449,-0.254352,0.045959,0.043924,0.125809,0.081136,0.111806
104,264.70005,119.9821507,73.927192,98.3979457,0.066590554,0,0.015733089,0.146139458,6.41957183,-0.05651564,13.87176,0.05424036,0.5483,-0.2409849,-0.16372734,-0.21817686,0.00808651,-0.04986835,-0.75484637,-0.80773834,-0.0254727,-0.01866869,-0.00862725,-0.02990311,-0.15535063
98,722.18127,19.8143093,12.33753122,25.1229095,0,0,0.009574271,0.198514079,3.908807284,-0.01333085,9.755545,-0.0634664,0.4211,-0.0525953,0.0183142,0.05642187,-0.01244102,-0.07411459,0.15484718,-0.12422056,0.07950002,0.01574592,0.03107914,0.01881635,0.09697407
465,611.7661,19.1408273,11.12986519,25.1857492,0.009132546,0,0.0563188,0.29213376,3.813098699,0.00166959,12.9831,0.00360681,0.3286,-0.22370891,-0.05008386,-0.16512935,-0.07293684,-0.06789516,-0.40246189,-0.37232128,-0.0409352,0.00593904,0.0426659,0.00221188,0.10546998
48,21.64298,26.804215,12.8140338,38.2376796,0.045589983,0,0,0.650972722,5.159617354,0.01002017,8.4102583,0.01339233,-0.2973,0.05740579,0.05217604,0.03456398,-0.03253603,-0.08186099,0.03619185,-0.14330862,0.0602961,0.02440528,-0.0189883,-0.01258632,0.03303535
159,1286.87597,19.2614876,12.00968482,24.5420675,0.031705783,0,0.009574271,0.614736471,4.887714501,-0.03504222,8.7689056,0.00215289,-0.0801,0.03199803,0.02011528,0.06132272,-0.03181912,-0.0582709,0.08667538,-0.14638167,0.04691611,0.03129846,0.03131764,0.046128,0.0707827
56,169.84402,28.8155307,21.7888722,33.5814097,0,0,0,0.237914741,3.682638174,0.02535096,7.57029685,-0.07995535,0.3453,-0.03403903,0.04150872,0.05778806,-0.07469696,-0.07347746,0.10440034,-0.1493512,0.034006,-0.00522397,0.0087992,-0.20019496,0.07394085
27,11.5284,27.4505459,16.51535777,39.9618485,0.003953673,0,0,0.424908188,3.645646161,-0.02844055,7.8625296,-0.03692845,-0.3441,0.03961814,0.05264303,0.02098327,-0.03084483,-0.09654746,0.09024272,-0.13629882,0.01502328,0.02443404,0.00447787,-0.06190776,0.01385056
122,94.57913,0.585551,0.38622,30.3377,0,0,0,0.219635889,1.70705006,0.804471,5.80268,3.465179,0.1384,2.761172,2.624324,3.154977,3.820491,3.964067,4.105542,2.481168,2.207448,4.422732,4.056207,3.240065,3.806876
105,100.43917,2.03188,0.279994,0.837783,0.363622861,0,0,0.824394882,4.92982383,-0.396753,9.11674,-0.562509,-0.42,-2.002064,1.102047,0.844187,-0.194131,-0.671327,-6.643856,-0.630144,-6.643856,-1.508263,-1.416701,-0.482418,1.27615
262,826.58674,27.9623,18.0789,14.9693,0,0,0,0.735934734,4.94565415,-0.256961,8.11372,0.323453,-1.52,-0.345333,-0.240288,-0.800556,-0.358302,0.182897,1.830032,0.88903,-2.064807,-0.232789,0.155375,-1.395415,0.752969
14,13.90583,47.4066218,29.11876372,73.102825,0.019738789,0,0.028347204,0.179693475,4.494388631,-0.010876,10.6066,-0.09194568,0.2532,-0.04971985,0.06033054,0.00161787,-0.02479927,-0.08335838,0.15415562,-0.14319235,-0.01498307,0.01464279,0.00189609,-0.04407819,-0.02972732
147,433.1163068,24.3028326,14.2485982,30.6281628,0.003953673,0,0.00894081,0.23342462,3.684165906,0.00976703,7.76694,-0.07287182,0.4799,-0.03980224,0.03521024,0.0609442,-0.02414809,-0.07956173,0.12338021,-0.12781422,0.06234926,0.01499067,0.02650388,0.0247152,0.09723057
26,1533.87452,63.8193,3181.76,191.285,0.578384088,0,0,0.460647643,25.5898132,0.949548,8.56601,0.540711,0.2228,0.261578,-1.275063,0.264105,0.608191,-0.384262,0.295924,0.818733,-0.136219,0.868928,0.363099,1.222383,-0.49006
49,3332.8913,190.47,11.4668,17.3382,0.557884944,0,0,0.139342904,14.6291652,-0.997984,9.4829,1.502018,0.04,-3.149766,1.449647,-0.574777,0.405443,-0.210133,2.908472,-0.854902,2.598586,-0.365122,-0.447159,-0.793196,-1.353083
47,191.33923,15.5675,2.1765,17.0841,0,0,0,0.537733793,3.71537399,0.282597,8.01291,0.218957,-0.02,0.146726,0.259344,-0.247548,0.243541,0.167732,-0.352194,0.190617,-0.333624,0.340043,0.237398,0.257774,-0.190794
17,2588.6288,0.227021,0.153082,7.10049,0,0,0,0.146139458,1.99024055,-1.564454,4.13918,1.933297,0.72,1.037917,2.097186,1.335035,0.840067,1.430746,1.45441,2.397692,0.09643971,1.271964,0.95,1.915851,-1.34281
1,28.86459,15.7573,12.4646,16.1853,0.768817187,0,0,0.718624055,5.35980957,-0.087614,5.87758,-1.6986,-0.34,-0.205581,-0.166316,-2.690242,0.705136,0.368791,0.198718,-0.133125,0.519407,-0.1511,-1.150809,-3.735955,2.017593
516,2305.0631,16.569,10.3198,19.8891,0,0,0.919866211,0.713784814,5.85157295,-0.116739,10.6463,0.165161,-0.05,-0.462422,-0.340381,-0.12467,0.294703,0.232317,0.32852,-0.150206,-0.189982,-0.309342,-0.063113,-0.258615,-0.443192
229,162.29015,7.49122,25.1198,15.6409,0,0,0,0.300877631,0,-0.247947,3.53689,-0.727564,0.55,-0.498221,-0.707624,-0.334215,-0.903789,-0.848908,-0.822623,-0.658817,-0.889486,-2.006993,-1.474394,-0.75466,-1.520809
97,1068.91123,0.0689112,0.023736,3.80648,0,0,0,0.748623252,0,1.227835,11.9219,-0.22035,0.4,0.741769,0.603996,-2.215742,0.431375,1.384574,-1.069709,-6.643856,0.5284,-0.534611,-0.543357,1.481008,-6.643856
19,52.00083,4.17847,8.46457,0.903982,0,0,0,0.443419188,1.00352946,-0.337757,11.9668,0.860247,-0.3801,-6.643856,0.836792,-2.766297,-2.343962,-0.651352,-6.643856,-6.643856,1.366186,0.573317,0.992851,-1.599123,0.990246
53,35.43011,8.43137,4.65923,17.3962,0,0,0,0.767620981,11.67800063,-0.222924,4.39689,0.365422,-1.02,0.182662,-0.097032,0.754313,-0.220279,-0.327076,0.288526,0.979215,0.092006,-0.064089,0.430169,0.794762,0.227811
256,7.94254,0.0435507,0.0123188,0.104658,0.007600954,0,0.006158818,0.111908376,1.9837961,0.06877435,9.26248,0.05037844,0.32,-0.38412385,-0.14147773,-0.15520105,-0.32786788,-1.065688,-1.02985019,0.17566192,0.01784708,-0.01095715,-0.31681556,-1.14993251,0.48863253
34,463.55581,3.52701,0.454302,2.21285,0.358930757,0,0,0.79961127,12.5785497,0.395413,8.03366,-0.47858,-0.19,-0.417547,-0.286526,-0.477416,0.479139,-0.119617,-0.190091,0.101861,0.243885,0.165076,-0.275693,-1.513681,0.624264
14,2261.17843,0.16486,0.0434151,0.793846,0,0,0,0.7969836,9.78859286,0.740153,8.18608,-0.331336,0.44,1.324891,-1.693179,-1.414418,-2.467515,0.224878,1.368685,-0.464901,0.249271,-0.25669,0.701987,2.302165,1.946759
109,95.45994,1.16585,0.247663,3.50066,0,0,0,0.852899194,5.90929868,-0.202963,7.48742,0.506719,-0.76,0.192904,0.120866,0.177796,-6.643856,0.459038,-0.520185,0.287248,0.109265,-0.101565,-1.139811,0.864037,-6.643856
309,105.00582,13.7827,4.50011,4.75043,0.494209116,0,0,0.451622128,1.99950007,0.678423,7.97042,0.38313,0.08,0.30929,0.370038,0.625174,0.62613,0.327342,0.497171,0.595103,0.391519,0.713915,0.652726,0.780775,0.412224
49,752.6989207,26.242911,14.35484732,46.482438,0,0,0.015733089,0.17792584,3.803257645,0.00319498,9.46396,-0.06660896,0.41,-0.05303658,0.02850091,0.04913039,0.00177009,-0.0781387,0.15164031,-0.13330265,0.06856204,0.03868122,0.02464615,-0.00105379,0.08087076
202,889.2159917,25.7141747,15.0061187,28.5463501,0.003953673,0,0,0.23998889,3.83938846,0.00736203,7.8499117,-0.06878076,0.4151,-0.06623647,0.02606296,0.06525122,-0.06469125,-0.07472104,0.11874469,-0.1241627,0.05697699,0.02152702,0.03431185,-0.05033725,0.0806513
241,835.0915745,19.3935544,10.9459879,24.0868725,0,0,0.009574271,0.276206321,3.870055686,0.00143081,9.03825,-0.07455684,0.3983,-0.03304903,0.0234403,0.06977104,-0.03708106,-0.07471954,0.11333614,-0.14382108,0.07572565,0.02932277,0.03643599,0.03948374,0.11949354
528,5.07717,0.0508212,0,1.35608,0,0,0,0.836621523,0,0.418881,9.43683,2.115381,-0.05,0.415186,0.192509,0.39092,-0.678064,0.29845671,-1.626539,1.327652,-0.341544,-0.926989,-0.36044063,1.407597,-0.496151
22,257.23512,1.20866,0.202653,4.61596,0.499434067,0,0,0.693781972,6.87689431,0.271914,8.68547,0.30704,-2.09,-0.077854,-0.055056,0.352641,-0.246612,0.387246,0.501587,-1.860728,-0.522759,-0.125676,0.175855,-1.001574,0.354826
662,728.73949,0.736759,0.917359,3.00258,0.49080455,0,0.900502883,0.693386316,3.74177141,-0.277248,4.48029,0.726884,-3.51,0.059744,-0.216786,0.138808,0.51022,-0.633431,-0.600486,0.159761,0.139793,0.258776,-0.276997,0.929769,-3.391161
64,590.52071,2.59913,0.339362,14.7574,0.512173321,0,0,0.622939706,1.90066426,-0.135808,4.41109,-0.698552,-0.55,-0.513075,0.236308,0.381504,0.789084,-0.228812,-0.19513,-1.301027,0.437445,-0.31749,-0.32183,-0.301065,0.382197
1,766.55161,1.70976,2.14918,1.93115,0.570663532,0,0,0.602114379,3.49140794,-0.812072,7.8653704,0.177882,-0.71,-0.095045,0.116971,0.339584,0.177308,0.528861,-0.570755,-0.220455,0.127917,-0.319864,0.525699,-6.643856,-1.123398
65,22.57919,1.86247,0.0361896,3.74133,0,0,0,0.638582647,3.8518009,-0.165659,9.43416,0.17054,0.08,-0.177688,0.349774,-0.487325,-0.250359,0.612237,0.426189,0.186647,-0.345882,-0.444365,0.340093,-1.017026,0.768493
1,1989.47131,84.124,15.3251,46.0483,0,0,0,0.519577324,3.55585587,-0.192008,7.94672,-0.24672,0.96,0.466783,0.136588,-0.216832,-0.172432,0.160777,0.148087,-0.107466,0.135346,0.089155,-0.092177,-0.331267,-1.091373
460,105.54792,5.73781,4.98674,6.77435,0,0,0,0.170952082,1.86907763,0.176259,9.07861,-0.543246,0.24,-1.347163,0.683173,-0.191229,0.258877,0.487428,-0.740098,0.622263,0.911863,-0.16604,0.346528,0.277216,0.136333
21,1301.92267,0.327715,2.36737,2.557,0.431381082,0,0,0.736296356,9.88779187,0.770014,7.60617,0.407151,-0.62,0.18349,0.147283,0.16295,0.347742,-0.402096,-0.790441,0.189685,0.087438,-0.088524,2.690621,0.716415,-1.937011
25,65.69716,15.2294,6.3771,23.9533,0,0,0,0.661956608,11.6844728,0.061226,5.93494,0.126647,-1.04,0.275168,0.078268,0.223566,0.091608,0.147907,-0.395807,-0.291509,0.05206,0.133366,0.102271,0.109029,0.095466
149,1917.48114,6.46368,4.27798,27.4466,0.396248826,0,0,0.669261694,5.52376604,-0.127439,9.29424,0.222165,0.82,-0.380205,0.153392,0.129589,0.373378,-0.840511,0.265985,0.386135,0.173524,0.327354,0.421366,0.597375,0.272856
109,804.17478,66.4994,21.3231,59.966,0,0,0,0.429466158,2.93496915,0.151473,7.65635,0.130122,0.71,0.265138,0.328344,0.318309,0.301778,-0.192908,0.439502,0.262695,0.241284,0.40409,0.301174,0.425274,0.328002
155,11.5877,56.4558,4.90887,21.4049,0.788155246,0,0.869202136,0.769165754,23.41984427,-1.035948,7.96358,-1.733015,-0.32,-0.4399,-0.752038,-0.614919,-0.246638,0.083727,-0.429898,-0.764119,-0.634194,-0.141298,-0.435721,1.329662,0.90484
41,1294.94009,2.71505,0.413393,96.3852,0,0,0,0.186891869,4.618520973,-0.228072,8.1600627,-0.454267,1.84,-0.306911,-0.275445,-1.823533,-0.350403,-1.524719,-0.576076,-0.231954,-0.335386,-0.268265,-0.346884,0.834181,-0.356427
211,435.38052,0.0473853,0.0103568,1.01452,0.528331768,0,0,0.421012312,1.98266541,0.687974,7.67863315,0.696035,-0.27,0.190975,-0.302339,-1.610145,-0.731149,-1.225213,-0.733626,1.054111,-0.275741,2.361098,0.869961,1.031933,-1.404853
1166,11.551,44.5032,25.7132,5.17559,0,0,0.957427108,0.830946863,8.79295894,0.155825,7.95173,0.716556,-0.32,0.514159,0.610646,0.688935,0.374767,0.233483,1.74151,-0.481138,-0.502458,-0.227202,-0.452264,1.74955,-1.268833
310,38.51875,2.20333,0.38538,28.5434,0,0,0,0.684597015,6.62521728,-0.070162,3.63897,-3.058003,-0.36,0.16294,0.130718,-0.577057,-0.245257,0.768883,-1.443589,-0.25881,-0.198161,-1.483858,-0.230223,-0.52272,-0.524667
15,19.37612,0.311958,0.122681,0.454875,0,0,0,0.111908376,1.98266541,-3.823331,8.09752265,0.423567,0.13,-2.570536,-2.176795,-0.62999351,0.715396,0.581463,-6.643856,-0.53611475,-1.00198201,1.234554,-6.643856,-6.643856,-0.519603
99,147.30048,3.07379,0.125581,1.77645,0.363622861,0,0,0.553528666,14.88905883,0.316181,9.30916,1.020385,0.31,0.225813,-0.163561,-1.051291,0.419937,-0.246241,0.490627,-1.320466,0.404302,0.19249,0.937646,-1.799284,1.275936
81,656.55651,5.80662,1.9184,7.48491,0,0,0,0.488307536,4.70997211,-0.138644,8.29593,-0.102351,-0.58,0.254913,-0.218051,-0.153044,0.140331,-0.135071,-0.185743,-0.166527,-0.156679,-0.105631,0.275503,0.581276,0.233398
30,899.40808,74.9705,54.2047,73.9433,0,0,0,0.581228554,8.44786072,0.195082,9.63636,-0.184652,0.46,0.402766,1.46018,-0.421202,0.923207,-0.131867,1.849184,-0.997811,0.608183,0.10656,0.2474,-0.32449,0.872475
124,3228.09595,9.42215,5.99015,59.4449,0,0,0.957427108,0.396241546,8.67033304,-0.152964,10.4058,0.141392,0.09,0.132439,0.135482,0.095514,0.142358,-0.060034,0.316864,0.17023,0.28161,0.043169,0.076075,0.151193,0.138953
230,579.86625,41.8648,1114.93,3.1872,0,0,0.957427108,0.332020491,4.7073544,0.328403,8.53821,-0.5619,1.64,1.488432,1.324236,-0.262989,-0.747575,-0.626681,-0.263997,0.644855,-0.566514,0.257709,0.961434,-1.279628,-1.215169
280,36.30666,49.411,19.4902,119.375,0,0,0,0.72829324,0,-0.126712,9.313,-0.212567,-0.43,0.168206,-0.139424,0.522535,0.129746,-0.087012,-4.273598,-0.431777,-1.293838,-0.125702,0.545232,-0.684876,0.253042
494,63.5868,0.00797711,0.165656,0.65622,0.528331768,0,0,0.564055979,11.91440126,0.534988,7.83634,0.03141155,0.19,2.032652,0.853902,-6.643856,-4.427492,0.43166039,-6.643856,-1.214994,-0.877729,0.47599967,0.02872038,2.172883,-6.643856
86,25.11031,42.8068,7.89596,418.739,0,0,0,0.875350475,6.95230661,0.0943,10.831,0.471294,-0.41,0.096277,0.219899,0.503094,0.251278,0.714536,-0.142102,0.111331,0.055744,-0.215609,-0.901291,0.45211,1.536892
18,371.5394,11.6507,8.4081,38.8683,0,0,0,0.575333595,2.93429059,-0.277437,9.22485,-0.103133,-1.57,0.497229,0.095092,0.186687,0.155842,0.151128,0.261903,0.107227,-0.221944,0.183839,0.1786,-0.796888,0.148308
1,1257.07472,2.91657,0.0989349,10.7573,0.853179975,0,0,0.139342904,2.89489364,-0.296521,7.96809695,-0.929617,1.54,-1.073713,-1.257155,-1.396128,1.975835,-1.651891,-1.969337,-1.350952,-2.21767,-1.043129,1.229697,-0.824071,-0.714916
61,702.63417,6.96277,2.66429,14.5914,0.504094097,0,0,0.757599056,6.46145605,0.096578,7.826,0.483828,-0.53,0.07575,-0.094362,0.166779,0.134763,0.174445,-0.140097,0.175602,-0.239184,0.141239,0.117682,0.155595,0.13845
8,13.65731,7.11475,0.493971,3.61168,0,0,0,0.28995356,1.96195718,-0.297516,4.14163,1.219704,-0.08,0.999572,0.589845,-0.206759,-0.318889,-0.18895,0.585191,1.148323,-0.796321,0.223636,1.473649,2.180436,2.239681
66,215.89598,0.96737,0.56644,4.20784,0,0,0,0.262694746,3.94830677,0.59969,9.8233,0.678289,0.42,-0.476032,0.361334,1.255387,0.48756,1.078483,-0.339093,0.334788,0.456984,0.547243,0.750392,0.833271,1.700856
251,2197.61027,10.0662,13.4326,1.48106,0,0,0,0.233205885,0,-0.160421,7.12955,-0.677871,0.41,-3.298035,0.318325,0.2769,-0.114095,-0.683513,-1.216862,0.395553,0.367891,-0.118386,0.18352,-0.371515,0.547457
10,50.21273,6.22742,0.206924,0.520784,0,0,0,0.418466419,4.89372234,-0.193429,5.93072,-2.399747,-1.46,-1.137722,-6.643856,-6.643856,0.541637,0.391674,-2.227206,-0.842868,-6.643856,0.242116,-0.521846,1.020086,0.625779
72,6992.13025,0.728949,347.112,12.4928,0,0,0,0.698162794,5.64448814,-0.087549,4.18145,0.458873,-0.63,0.297866,0.331335,-0.482132,0.327414,0.254231,3.4284,-0.428985,0.469869,0.252735,0.474404,-2.554696,0.341726
275,30.64753,4.42862,0.351006,0.613246,0,0,0,0.746013939,1.99049944,0.696484,7.79306,-3.435095,-0.67,0.19724,-0.18414,0.263691,0.31789,-0.16583,1.704816,0.214107,0.230369,-0.190293,-1.372894,-2.553513,1.043838
84,1311.19681,0.0309397,0,7.00215,0.043275488,0,0.006158818,0.212002998,3.064864774,0.676946,7.6805336,-0.01152287,1.0574,0.34968531,-0.05232849,-0.10318966,-0.56941481,-0.10899229,-0.6849938,0.12784774,0.549731,0.38111,0.52265133,1.100968,-0.44004952
1,840.47456,19.733504,9.84867362,22.3163212,0.096690737,0,0.015733089,0.618511289,4.780693246,-0.03692285,8.1534473,-0.06566518,-0.3778,0.03649661,0.08572333,0.034703,-0.0003635,-0.04570903,0.13064531,-0.16512999,0.05141641,0.01254906,0.00428813,-0.00421244,-0.28765589
62,179.81605,20.5299976,14.0272825,24.9816939,0,0,0.00894081,0.22936825,3.703149374,0.00015983,7.95346295,-0.06251428,0.4301,-0.04906039,0.04051088,0.06550764,-0.02982878,-0.07796289,0.10221837,-0.13702528,0.07742179,0.03245708,0.02650569,0.01913065,0.1059407
1,5.42256,9.06451,0.744032,7.89733,0,0,0,0.396258533,1.70705006,-0.111426,10.53455,0.786301,0.0069,-2.985417,0.233962,-0.548357,-1.77715,0.722664,0.345526,0.528463,-0.615888,0.264201,-0.471305,0.716758,0.462219
65,10.25364,119.41,33.9225,62.6791,0.389625962,0,0,0.782960892,37.57141285,-0.035311,3.18948,0.17372,-0.58,0.148224,0.065452,0.09304,0.080909,-0.059406,0.207141,0.114459,-0.277899,0.100863,-0.318022,0.526144,-0.277855
55,350.77826,0.179242,0.19893,6.4103,0.930627006,0,0.957427108,0.132359073,1.6697435,0.253541,6.5818248,-2.301667,-1.19,2.247876,-6.643856,-1.821252,-2.517421,2.242977,1.651026,-6.643856,3.337152,-1.619486,4.054573,-6.643856,-1.539999
17,295.69785,0,0.00948479,0.191225,0.826392613,0,0.957427108,0.111908376,1.6697435,0.592445,8.8319872,-1.29290506,0.56,-0.38224854,-0.18035444,-0.44904277,-0.74659556,-0.17716712,-0.86525692,-0.31763537,0.07161945,0.21172644,0.04058773,-1.89045284,0.80536681
606,8.73654,0.572294,1.95006,14.5682,0,0,0.957427108,0.309100866,3.92083295,1.386835,8.46485,-5.16217,-0.69,0.60359,-0.539329,0.410855,1.463754,-0.333732,-0.427672,1.497806,-0.664823,-0.303501,0.954902,2.686582,-0.591849
2317,141.56503,0.0102511,71.5396,0.105563,0,0,0,0.111908376,2.89366853,-1.177008,6.34038,0.12489576,-0.6,-0.21861714,-0.56150845,-0.31062661,-0.02412148,2.844444,-1.4369219,0.01881562,-0.16045021,-0.25132826,0.81810696,-3.21139646,-0.82959462
224,2760.21963,2.52129,17.4681,0.987103,0,0,0.957427108,0.506795704,1.96359409,1.397437,7.1103,2.948177,-1.0477,1.016834,1.493583,1.199714,0.991508,1.975555,0.77321,1.852474,1.84469,1.304439,1.058942,0.944593,2.036873
96,269.5604,69.4841,332.028,33.6985,0.451842443,0,0,0.146139458,2.32162457,0.397184,5.96149,0.182789,-0.31,-0.10983,-0.379826,0.55206,0.311363,-0.302509,0.768511,0.274249,-0.082523,0.091203,0.325818,-0.68478,-0.42945
212,378.83872,0.0651891,13.2527,0.0750059,0,0,0,0.111908376,3.866916,-6.643856,8.1750077,-0.33788523,0.71,-0.75220854,-1.94011192,-0.62343955,1.453106,0.989182,-2.93679486,-0.77880424,-1.44935226,-0.10592253,-3.25290842,-3.04835479,-0.9341574
282,21.66294,22.3868,7.43044,125.666,0,0,0,0.17792584,4.240679926,0.247843,6.92781,0.107895,-0.29,0.097662,0.143353,0.276349,0.093473,-0.159856,0.182909,0.168244,0.23171,0.109867,0.136839,0.36411,0.258128
109,637.88987,0.163501,23.5694,0.659191,0,0,0.651169479,0.390099078,12.63081829,-0.28444,7.5006,-6.643856,-0.01,0.850832,0.814529,-2.676838,0.657492,0.533192,-2.216272,0.920978,-1.134928,1.075032,-0.876634,-0.681184,0.848719
1,77.4528,15.3997,37.0926,28.5401,0.887688063,0,0,0.591572225,1.99992492,-0.10818,8.80361,-1.27913,-0.1,-0.089613,0.125859,0.122532,-0.134251,0.550032,-0.789694,0.115473,-0.439646,0.076775,-0.385079,0.540423,0.608991
48,8.97171,0,0,0,0.011809335,0,0.040406987,0.123297259,2.035345479,-1.3252305,8.59309075,-0.90917267,0.59,0.27923846,-0.81212767,-0.17515841,-0.47453526,-0.43074546,-1.31230216,-0.34099561,-0.37563547,-0.22101887,0.24203286,-2.81086809,0.13645583
74,139.19509,18.3139143,9.89806082,23.9394242,0.044714243,0,0.00894081,0.660857785,5.143324244,-0.01051584,8.3353872,0.02271786,-0.2718,0.04569703,0.0246318,0.0432256,-0.0193605,-0.06322081,-0.0196096,-0.14598976,0.03149279,0.0426695,0.02887777,0.01440881,0.06386878
1396,796.35554,22.1231051,11.0315087,34.1525031,0.109850631,0,0.024673898,0.630970316,5.624213723,0.00032413,8.8830167,-0.19264714,-0.1935,0.03968877,0.01726577,0.01966926,-0.02182351,-0.07813071,-0.03252656,-0.12535362,-0.01386005,0.00194551,0.0116987,-0.08610267,0.04821267
30,0.63842,0.990711,0.0872401,0.794476,0,0,0,0.671651253,4.648278185,0.412115,8.4998688,-0.305947,-0.4944,-1.955792,-0.512271,-1.720674,0.493944,0.399804,-6.643856,-2.0353,-0.244723,-0.254595,0.547539,-0.227874,0.919909
30,1608.73768,12.9306,7.68865,111.665,0,0,0,0.824708164,4.62746682,-0.223103,8.69533,0.466295,-3.18,0.432819,-0.571829,0.584397,0.334907,0.078556,-0.210985,0.404068,0.398923,0.06508,0.230603,0.554364,0.158725
672,499.50349,0.853388,0.191411,110.288,0,0,0,0.146139458,8.91291128,-0.512799,1.77023,2.504432,-0.77,-1.821846,0.943332,1.44946,1.060052,-6.643856,-1.860065,3.226119,-0.75615,-0.841774,0.689471,1.025626,-1.328624
2,4755.60752,87.6854,21.3464,3.21316,0.528793336,0,0,0.747131348,12.88289324,0.334087,10.1219,1.016221,-2.23,-6.643856,0.478139,-0.530704,-0.75659,-0.053586,3.37708,-0.559994,0.440294,0.606835,-0.313727,0.475594,0.809587
192,218.27707,429.555,422.046,135.061,0.913254607,0,0,0.848568261,1.86907763,-1.397957,13.7423,-0.402815,-0.4548,0.18861,-3.749093,-0.651049,0.858855,0.433327,0.750934,-6.643856,1.105798,0.148518,0.875719,-0.739352,0.529133
765,747.20557,16.8669,1.52907,7.74557,0.887688063,0,0,0.449802697,6.87802251,0.54222,10.4073,0.505017,-0.21,0.76774,-6.643856,-6.643856,1.677239,-0.298273,0.503704,0.83232,-0.953853,1.236038,0.364163,1.683997,-2.067062
94,6.56136,9.72749,1.03118,6.46399,0,0,0,0.800036311,1.74820254,0.325016,8.14156,-0.265829,-0.38,-1.863382,-0.391565,-1.071216,0.250259,0.385649,-2.259522,-0.748222,-0.306446,-0.101558,0.238272,-0.572743,0.344918
19,2847.71785,10.9969,5.06819,7.05866,0,0,0.615881762,0.708682775,1.98608503,0.099582,6.46206,0.200568,-0.72,-0.351583,0.160309,0.19721,0.206156,0.165714,0.214979,0.180802,0.099726,0.140994,0.185824,0.160517,-0.258667
14,250.99535,10.61,9.39784,10.3093,0,0,0,0.743839204,10.79296239,-0.119858,9.63588,-0.113515,-0.6,-2.489333,-0.226652,0.183307,0.307767,-0.039086,0.312253,1.033123,0.260381,-0.104506,-0.231002,0.345293,0.611386
4,6533.99861,12.7549,6.21866,7.54731,0,0,0,0.167412758,9.82593735,-0.322275,10.0347,-0.281181,1.08,-0.336621,-0.543527,-0.46242,-0.491042,-0.571538,-0.81882,-0.474731,-0.314025,-0.327417,-0.442863,-0.249981,-0.404226
234,741.13732,0.0340596,0,0.100667,0,0,0,0.223845271,0,1.036993,8.9121436,0.42830082,0.5919,0.20037514,0.26969749,-0.20239808,0.03747238,-0.13703303,-1.49503395,-0.89547673,1.012,-0.02192165,0.38054289,-1.29872115,0.23168625
257,148.46269,0.563924,3.52714,2.73794,0.514240382,0,0,0.762403488,11.79347495,0.188398,7.2382,-1.196327,0.24,-0.334975,-0.624248,-6.643856,-0.734207,0.291585,0.5019,4.652547,0.203167,-0.140537,-0.398971,1.850869,-0.253602
108,15.97048,0.438569,0.0645291,0.453519,0.513919247,0,0,0.824708164,0,-0.381363,3.15805,1.041336,-0.56,0.75294,0.407776,-1.657167,0.824736,-0.351935,1.257377,-0.19661,-0.399385,0.300158,-2.965094,0.815399,0.858889
108,1350.01732,0.037074,599.629,1.38948,0.494209116,0,0,0.634786546,7.86340488,-0.412163,9.86123,0.58033,-0.71,-0.843304,1.709162,-0.674461,-0.69071,-0.05436001,-6.643856,-5.042806,-0.644199,1.139244,0.523809,1.410892,-0.952449
786,915.46367,9.51779,1.01714,11.0507,0.475599242,0,0.957427108,0.836875796,6.45844108,0.136208,9.56744,-0.217904,-2.81,-1.113092,0.370824,-0.121982,0.312818,0.245174,0.192436,0.179344,-0.665776,-0.10761,-0.24725,0.136216,-0.177215
71,107.00427,15.9373,14.0175,8.67099,0.465192662,0,0,0.705665529,6.70564693,-0.77344,10.8685,0.140754,-0.92,-0.473032,-0.220753,-0.934953,-0.255355,-0.272061,-2.807584,-0.76579,-1.961337,-0.196642,-0.177697,-0.897218,-0.294705
20,265.4958,0,0,0.0450065,0,0,0,0.69255507,2.89203741,-0.78601685,7.40216,4.463436,-0.03,0.301579,-0.553199,-0.90801785,-0.787168,0.28888578,4.533915,1.336073,-0.454175,-0.955926,-0.0671438,-1.41128593,2.053355
24,7073.32393,2.65783,0.160288,130.662,0,0,0,0.394304127,1.95677062,0.084599,8.3447572,0.732955,0.55,0.459246,-0.545916,-0.802898,-0.941394,1.160963,1.215331,0.878831,-0.508097,0.387073,-1.009969,1.070654,0.361575
10,70.2485,27.0762,9.67615,78.0878,0,0,0,0.715512335,1.12427871,-0.334271,10.2981,-0.21357,-0.58,-0.160461,0.086588,-0.159401,0.256367,-0.093877,0.169122,-0.684797,-0.095348,-0.076325,-0.17389,-0.151854,0.168846
358,1.92553,49.8542299,26.9158051,81.2859766,0.041668715,0,0.028722813,0.706386124,8.427503128,-0.09508549,8.62627785,0.0981487,-0.256299239,-0.37224249,-0.09604888,-0.15666193,-0.05276843,-0.05335534,-0.47074785,-0.75746522,-0.08771362,0.20588149,-0.03538968,-0.01354089,0.03227744
14,6512.79761,0.71503,0.138761,1.04572,0,0,0,0.27013588,1.99960351,0.345285,7.06585,-6.643856,2.67,0.544965,-0.996681,0.824365,0.589452,-0.429427,2.428324,-0.633839,-0.87973,0.722469,-0.523963,-0.957195,-0.96366
208,163.76466,24.7888,13.1615,7.75008,0,0,0,0.591455102,0,-0.125252,6.06617,-0.105417,-0.63,-0.655388,-0.24816,0.601969,-0.284807,0.05143,-0.239101,-0.854991,-0.287671,0.127528,-0.075549,0.380077,0.12446
43,25.82937,57.8828,10.5596,11.333,0,0,0,0.824708164,1.61745951,0.204281,15.4676,0.834014,-0.69,-0.486181,-0.528125,-0.314477,-0.709115,0.080176,-2.214994,0.703315,0.554286,0.318578,0.313994,-0.394841,1.3354
17,1711.71278,63.8635,0.269963,4.87823,0.416240159,0,0,0.527638393,3.74225736,0.312136,7.48501,-0.200163,-0.015999239,-6.643856,-0.639352,4.404618,-0.707694,0.460626,2.02153,0.545531,-0.446638,0.237675,0.24728,1.743327,0.365479
81,98.07425,4.19656,1.44702,2.52139,0,0,0,0.38356629,2.19615612,-0.167837,7.28204,-0.184829,-0.29,-0.377802,-0.320553,-0.636153,0.19832,-0.217996,-0.293109,-0.344762,-0.338256,-0.145816,-0.486422,0.089651,0.103435
61,1567.59549,37.8225,4.16766,23.8362,0,0,0,0.630912066,8.84810219,-0.062428,9.18917,0.186814,-0.43,0.22788,0.30669,0.299118,-0.356677,-0.076002,0.44263,0.356684,0.264337,0.09419,0.424624,-0.966524,0.238848
184,2249.29606,5.63725,0.621733,6.18994,0.564666898,0,0,0.836875796,2.75424746,0.155358,5.0423,-0.233329,-0.42,1.539152,-1.802988,0.245676,0.371095,-0.730106,-6.643856,1.28885,0.937575,0.267657,0.237022,-0.414192,0.8915
52,11.31874,9.75615,49.0302,6.79186,0.431381082,0,0.957427108,0.824708164,7.74847463,0.485505,8.38376,-0.376757,-0.1,-0.672953,-0.852766,0.329962,0.221814,-0.365951,1.132954,-0.744941,-0.928612,0.282381,-0.387166,0.44478,-0.59118
147,9.29304,0.190075,0.98202,0.902858,0,0,0,0.748405397,2.80882657,-0.258067,10.6059,0.146002,-0.36,0.656927,0.479047,-0.495754,0.41905,-0.493569,-0.310872,0.582548,-0.51946,-0.488229,0.622362,-0.766152,-0.748268
40,12.40367,3.45549,0.781735,2.17794,0,0,0,0.728550792,3.95455952,-0.589646,8.93779,-0.455577,-0.05,-0.206704,0.50318,0.602139,-0.11359,0.142373,0.453387,0.544096,0.168229,0.152067,-0.249565,0.509942,-0.179833
26,58.06389,0,8.26487,0.129494,0,0,0.609459847,0.295108467,3.85244898,-6.643856,7.74040285,-0.87898438,-0.38,0.00438104,-1.83343714,0.922319,-1.01550911,-0.10219076,-1.6190174,-0.70986869,-0.75909298,0.06426558,-2.85085893,-3.09911993,-0.73090254
247,415.38531,0,0,0.84196,0,0,0,0.123297259,4.95013216,-0.56422,9.11632,-1.13149784,0.53,0.25290033,0.0386412,-0.24698191,-0.62789788,0.16126511,-0.61698353,-0.18965192,0.36287651,0.18057789,0.25835635,-0.71982549,1.35976347
17,1766.09386,8.75224,0.321825,0.504048,0,0,0,0.238498077,1.98266541,-0.813887,9.57458,-0.697306,0.69,0.792694,-0.488083,0.493767,-0.428249,0.755662,0.685126,-0.900297,-0.627281,0.766024,-1.409731,0.518235,-2.822717
187,29.87324,41.3305,2.1737,35.6586,0.570663532,0,0.900502883,0.833060265,24.59899632,-0.681596,7.76286,-0.726105,-0.27,-0.248415,-0.166936,0.449793,-0.172461,0.252811,2.292855,1.042705,0.24878,0.537042,-0.172619,1.296973,-1.052631
29,290.01884,423.827,56.1306,118.222,0,0,0.957427108,0.703993857,5.98324176,0.111959,8.04791,0.31703,-0.02,0.175401,0.265699,0.18158,0.306047,0.101216,-0.370214,-0.077393,0.452603,0.071537,0.257702,-0.296858,0.13096
44,417.97863,3.46744,13.1988,2.91121,0.855397621,0,0,0.527827442,26.460427,-0.426806,8.5566,1.523811,-0.2849,-0.497016,0.775066,0.510917,-0.463126,-0.629333,-6.643856,-0.638903,-0.458977,-0.513384,-0.472885,1.187834,-0.407974
1,114.40031,0.686156,0.0736473,0.595451,0,0,0,0.458951801,1.97547522,-0.867827,5.55895,0.324083,0.06,2.574386,1.038356,-0.68594,-3.274398,-0.514816,-1.341933,-1.395303,2.474178,-0.844303,-0.881633,1.24807,1.41714
297,41.83799,0.0240421,0.0164392,0.631728,0,0,0,0.778094649,10.67917885,0.535651,7.35371935,-1.177649,-2.41,-0.192525,-0.812796,0.393333,-0.79658638,-0.11765318,-2.752073,-0.673067,0.637759,-0.57867,-0.710548,-0.45726255,0.46823622
703,71.54191,47.9783,31.8979,60.4335,0,0,0,0.443194807,1.99992492,0.524114,9.54742,0.166031,-0.56,0.729092,0.088853,0.054878,0.335775,0.121234,-0.179479,-0.25068,0.053481,0.084299,-0.406497,0.247456,-0.546973
467,199.89032,6.88495,1.48713,0.803821,0.342190081,0,0.117221173,0.593201816,5.23490994,-1.056082,7.2373,-0.199451,-1,0.525571,0.187953,1.984248,-0.375682,-0.681548,0.44646,-1.925776,0.29007,0.25633,-0.340789,-1.610375,0.298178
155,41.67691,7.31625,2.82645,2.78732,0.219683501,0,0.006158818,0.636561334,4.353020978,0.450478,5.22532,-0.173603,-0.56,-0.09684,-0.076607,0.273011,0.545364,0.271271,0.691859,0.133198,0.106247,-0.15513,-0.36868,0.41438,-0.206316
249,74.72132,6.03324,4.06897,11.2526,0,0,0,0.412954688,0,0.044709,8.80774,0.515806,-0.25,-0.125075,-0.148467,-0.237134,-0.120712,-0.165433,-0.233317,0.141401,0.183893,-0.164786,-0.137346,0.170288,-0.427727
37,78.75617,1.3964,0.0939103,2.73406,0,0,0,0.602500796,5.33091115,-0.366581,7.44763,0.500078,-1.06,-0.133148,-0.348375,0.201588,0.298455,-0.149844,-0.78171,0.495284,0.263562,0.191176,-0.193931,-0.396835,0.471126
12,13.11329,62.860014,26.453959,90.7699609,0,0,0,0.146139458,0,-0.02971778,6.024745,-0.08723718,0.68,-0.10141159,0.0565728,0.00802787,0.03345575,-0.08353515,0.04592034,-0.18877187,0.00195661,0.00223088,0.00830299,-0.01027094,-0.00536793
49,796.87118,5.47019,3.24452,1.55111,0,0,0,0.146511853,12.72102078,0.413555,6.3529,0.218075,0.08,0.282667,-0.412119,-0.221546,0.1969,-0.159586,0.567539,0.9067,0.449864,-0.200707,-0.160329,-0.198697,-0.347885
10,16291.10418,995.413,467.872,392.794,0,0,0.869202136,0.328141659,10.54543118,-0.725268,4.41408,0.471974,8.95,0.61595,0.375052,0.447879,0.300364,0.381351,0.662651,0.334003,0.534534,0.27423,0.274064,-0.581987,0.35184
75,16622.23863,10.221,1.90703,2.00496,0,0,0,0.186891869,12.35448238,-0.969163,7.6340076,-0.936771,5.11,-1.040168,-0.957208,1.384499,-1.018157,-1.33228,-1.119414,-1.10654,-1.006703,-0.947879,-1.000724,-0.937683,-1.051427
194,116.32725,208.273,44.6309,43.6598,0,0,0,0.356269389,14.48467393,0.255432,7.63691725,-0.311421,0.3,1.102911,0.95757,0.70805,0.183751,-0.163716,0.316288,0.987979,0.782821,-0.278394,0.525757,0.946829,-0.636525
50,1446.47473,0.119695,0.571905,2.30838,0,0,0,0.353563726,1.65679411,0.326604,11.069,-1.323396,0.8251,-0.67416365,-0.20521376,-0.74156522,0.461081,0.154873,-6.643856,-0.69985617,-0.5025498,0.315909,0.140845,-6.643856,-6.643856
286,91.19342,1.96506,0.0628549,0.953955,0,0,0,0.196595117,3.93670914,-0.917189,8.60215,0.711654,0.37,0.258246,0.275836,-0.440955,0.304214,-0.257949,-2.467831,-0.235051,-2.585636,0.185371,-0.258227,-3.503285,0.253644
311,1907.06868,37.8057,119.114,42.5554,0,0,0,0.620767931,21.50009141,-0.496501,11.167,0.836191,-1.1607,-6.643856,0.445263,-2.194954,-0.970523,0.440561,-6.643856,0.74937,2.945462,0.711886,-0.893812,-1.60267,-0.707572
2063,2435.22546,1.6218,0.71549,164.327,0,0,0,0.39679274,6.86005273,-0.045299,11.1979,0.345368,-0.11,-0.528045,-0.624339,-0.343413,0.264681,-0.931563,-6.643856,-0.418023,-0.277483,-0.088456,-0.203614,1.128892,-0.221554
43,307.12317,33.0087,17.3389,92.3215,0,0,0,0.852899194,2.97639148,0.160549,8.49145,0.134077,-0.15,0.167086,0.26475,0.207093,0.134051,-0.239185,-0.651384,0.250138,0.195008,0.192742,-0.171494,0.12968,-0.454079
227,120.59949,0.0293841,0,0.648295,0,0,0,0.494588822,2.91372116,0.330262,7.28895,-0.672095,-0.54,0.967899,-0.842168,-0.44888,-0.841615,0.19007831,-3.418621,1.008509,-0.879917,1.055191,-1.178076,-1.369228,0.12401547
109,168.09506,0.0253718,0.0171578,0.071949,0,0,0,0.72905165,5.91668299,0.585867,7.26075,0.430522,-0.05,0.470894,0.661552,-0.991336,-0.232445,0.642769,-1.2632253,1.834239,-1.47277509,-1.000921,-0.40803871,-1.93694675,0.933732
178,40.46933,100.713,184.723,8.38843,0,0,0,0.685321391,4.60912048,0.200106,7.62037,0.166174,-0.38,1.223436,0.171999,0.236578,-0.111478,-0.468179,-0.19648,-0.213734,0.348846,-0.28696,-0.218841,-0.363097,-0.574926
30,98.37812,5.33813,13.8385,4.86163,0.830863574,0,0,0.804062724,6.8125021,-0.387881,7.0744,0.652402,0.24,1.625361,1.538978,1.308513,0.923585,0.390467,2.36966,0.626117,0.898896,-1.225278,-1.191289,1.694498,-6.643856
26,2102.84042,37.6823,143.431,10.23,0,0,0,0.79961127,5.7405052,-0.25123,10.52235,-2.024373,-0.313599239,-0.458612,-0.420827,-0.770753,0.322363,0.938194,3.67819,1.390349,-0.593875,0.170129,-0.33122,-6.643856,-1.360206
1210,133.86335,4.39776,0.22322,0.625845,0.549225289,0,0,0.401833534,3.9639913,-1.74799,12.4831,-1.541372,0.73,-6.643856,1.226947,4.342302,-6.643856,-1.010631,-6.643856,-1.045324,-6.643856,0.403343,-2.701647,-1.261831,-0.840595
36,141.47735,29.4394,22.9703,12.5475,0,0,0,0.743839204,15.82476944,-0.314869,9.59663,1.117944,-2.14,-0.101884,-0.128113,-0.122022,0.291576,-0.10442,0.343491,-0.303546,-0.291029,0.252121,0.174826,-1.457374,-1.034539
39,971.5298,17.9749,14.8659,8.06532,0.742183659,0,0,0.617200083,2.98297969,0.16661,5.38042,0.602952,-0.289199239,-0.185676,-0.372802,-0.806334,-0.913784,0.39199,-1.079009,-0.223738,0.083708,-0.411444,-0.174478,0.262516,0.885936
181,3832.69791,0.357435,0.365726,10.4741,0.472965166,0,0,0.723324299,7.94127642,-0.656242,6.61214,0.258611,-0.33,-0.457454,-0.195887,0.412459,1.11413,-1.669139,-0.899394,0.731563,-0.190899,0.227758,0.221233,1.156568,4.038591
17,1818.89628,58.5598,28.863,19.041,0,0,0,0.705665529,7.90802953,0.218519,9.21996,0.344946,-0.28,-0.151341,-0.376017,0.175114,0.174294,0.07027,0.291487,0.163109,0.221671,0.172058,-0.181779,-0.194142,0.34072
167,537.31129,18.8611,3.15198,7.95499,0.494209116,0,0,0.824708164,5.85644216,0.265748,9.83952,-0.689441,-2.14,0.218183,0.553345,0.248714,-0.183205,-0.092761,0.719501,-0.254566,-0.279824,0.408339,-0.589565,0.437529,0.198091
17,392.42528,31.3449,18.4976,26.4551,0,0,0,0.484736234,2.7428922,0.109284,7.65948,-0.645945,0.59,-0.592911,0.245579,0.411024,0.124589,0.385641,0.737563,0.684668,0.294332,0.113065,0.197172,0.254444,-0.164631
24,123.58507,1.68295,0.805148,0.790368,0,0,0,0.728550792,11.69182943,-0.2362,6.20863,0.945318,-0.05,0.320032,0.528866,0.055536,0.310808,1.049169,0.366436,0.209453,0.178047,-0.198442,1.223688,-2.241603,2.311426
521,913.18144,0.593576,0.244868,8.00556,0.442034071,0,0,0.714798927,3.81588039,0.29217,5.34301,0.830236,-0.88,0.180777,0.097852,0.202542,-0.35938,0.394617,2.89082,0.096344,-0.4621,-1.267536,-0.881263,-6.643856,-1.632976
32,71.76069,0.116347,0.0322178,0.856897,0,0,0,0.774301469,3.75626441,-0.943222,7.30439,-0.78462,-1.68,-6.643856,-5.051266,0.337483,0.514466,0.535529,-1.105127,3.290522,1.539361,0.474072,0.564996,1.529932,1.056948
61,173.55232,1.28561,0.604791,1.13664,0.855397621,0,0,0.714407027,14.76606971,-0.342273,8.47009,0.252337,0.24,0.260211,0.35824,0.889074,0.423593,0.744287,-0.98261,0.419071,0.126363,0.212885,0.623563,-6.643856,-0.832748
39,532.76648,2.57764,0.133124,4.13522,0,0,0,0.369423717,1.74820254,0.459748,9.64792,0.722264,0.64,-1.419491,-1.057826,0.54262,0.465511,0.725357,1.304127,0.852566,1.638641,-1.159445,1.25633,0.351031,-6.643856
1000,11.36951,0.500973,0.279457,0.812116,0,0,0.615881762,0.623617409,2.92856602,0.646117,6.90384,-0.72197,-0.5811,0.229391,-0.17756,-0.545664,-0.940018,1.423125,-6.643856,-0.540372,0.117526,-2.637709,-0.502602,-4.202464,1.239344
247,357.00957,39.4184,11.7436,1.78523,0,0,0,0.72829324,0,-0.104032,3.14625,0.727118,7.61E-05,-0.846046,-0.534871,-0.8902653,0.239065,-0.418872,-6.643856,-6.643856,1.437213,-0.390537,2.296986,0.848354,1.587908
113,5.61975,0.0333338,0,0.177921,0,0,0,0.565498233,2.92012308,1.640661,13.2918,0.422679,-0.38,0.765205,-0.223592,-1.896223,1.816405,-0.69741816,-6.643856,-0.641932,0.145128,-0.08326415,0.01786552,-1.91611704,-0.66054379
53,200.0252,0.667768,0.0303408,0.481007,0,0,0,0.716944396,4.77313532,-0.313648,5.61218,-0.864359,-0.73,0.233117,0.153651,-0.164555,-0.367074,-0.360693,1.247297,-6.643856,0.29935,-0.397877,1.894309,-4.574793,0.73079
61,22.58422,54.4873,15.4088,194.016,0,0,0,0.745582581,6.70370701,-0.053857,7.66067,-0.203003,-0.43,0.356534,0.03563,-0.07828,-0.250264,-0.189271,0.101855,-0.084531,-0.057131,-0.211127,-0.280951,-0.153318,-0.097297
958,5734.22375,18.8204,9.31893,39.3658,0,0,0,0.571837127,3.35283215,-0.25922,6.14442,-6.643856,-1.32,0.92318,-0.309414,0.436661,0.359096,-0.246248,1.375472,0.42655,-0.319592,-0.197821,-0.332839,0.879808,-0.125489
30,16.89756,41.5911,6.6673,32.6249,0.494209116,0,0,0.750652254,1.82330724,0.514639,9.12921,-1.007756,-0.6866,0.568973,0.809333,-0.888593,-0.364962,-0.27837,-6.643856,-1.916346,-3.870279,-0.322759,-0.686288,-6.643856,-0.525437
32,2694.09373,0,0,0.177636,0,0,0,0.111908376,1.98841355,2.18162,8.521062,-1.56879943,0.97,-0.33437033,-0.22784388,0.25158316,-0.48212862,1.359492,-1.05738447,-0.68361644,0.23922725,0.12290659,0.21643522,-2.24176511,-0.05915771
88,50.28346,0,0,0,0,0,0,0.123297259,1.98717466,-1.38274754,8.63590375,-0.61274333,0.35,0.21936383,-0.58201368,-0.33642079,-0.46959439,-0.58459158,-1.04647482,-0.24819468,-0.04720649,-0.0688054,0.42749954,-2.70235134,0.26648818
101,160.69859,0,0,0.103706,0,0,0,0.123297259,1.98717466,-0.29801201,8.6074181,-1.18147492,0.4287,0.18948601,-0.17874628,-0.34978214,-0.63809981,-0.35731181,-0.92482221,-0.37265021,0.23974576,0.06838492,0.23385633,-1.43897507,1.2634771
170,370.17865,0,0,0,0,0,0,0.111908376,1.98841355,-1.17901033,8.52567715,-0.30995574,0.557,-0.28357941,-0.18759041,-0.43903215,-0.31401039,-1.557141,-1.30589582,-0.28341891,0.03243276,0.07104824,0.1189078,-2.11253245,0.32753054
28,654.09994,22.6126,22.6645,7.04122,0,0,0.957427108,0.485596061,20.630263,0.288358,9.70862,-0.950694,-1.85,-1.698627,0.308082,-1.137975,1.078351,0.97482,-0.503562,-0.317056,-0.751096,0.206261,0.986989,-1.290993,-1.270956
27,1102.81114,99.115768,53.16047217,102.4429862,0,0,0,0.132359073,4.52859362,0.17030362,7.9928763,-0.30712439,3.56,0.05196998,0.01458511,0.04665347,0.04647383,-0.10401906,0.11131857,-0.15130933,0.16071624,0.00366769,-0.03950924,-0.05614562,-0.1155882
46,175.30019,21.7038,2.36997,31.1575,0,0,0.76088591,0.824708164,6.91609969,0.307696,8.84859,-0.41146,-0.82,0.153224,0.145536,-0.677936,0.352137,0.146297,-1.876212,-1.351423,-0.155567,-0.130212,0.298609,0.643876,-0.546389
111,4235.50177,33.9098,13.1822,20.9682,0,0,0,0.75617367,1.98266541,0.090526,5.34838,-0.172037,0.33,0.201699,-0.182782,-0.581665,-0.689734,0.164858,-0.270984,-0.621979,0.142784,-0.119614,0.325094,0.248858,0.640084
27,526.27186,57.091,56.7679,22.1512,0.479453267,0,0,0.824708164,14.83915576,0.173612,5.01037,-0.297001,-7.28,0.104915,0.14933,0.313315,-0.227889,0.228106,0.582238,0.721464,0.110314,-0.087085,-0.789566,-0.567891,-0.189293
6437,7952.87694,36.3082,14.8307,68.1228,0,0,0,0.273053437,9.68123578,0.087237,8.1777,-0.148924,0.41,-0.077601,-0.251947,0.529249,-0.193062,0.026058,-0.829124,0.169926,-0.43896,0.040021,0.062114,-0.150727,-0.149743
51,121.12067,16.7776,3.95268,37.4156,0.477882401,0,0,0.654942453,4.52819492,-0.075774,7.00851,-3.170901,-1.31,-0.935402,-0.311009,-0.37767,-0.301772,-0.08437,-0.594468,-0.263008,0.230875,-0.069488,-0.354522,0.173184,0.525272
862,48.85088,20.8527,10.9226,36.5321,0.465944823,0,0,0.824708164,6.61160851,0.047851,9.08457,0.050338,-0.71,0.119648,0.086098,-0.058878,0.297687,-0.064087,-0.273504,0.66597,0.066749,0.036844,-0.060947,-0.175142,0.245359
325,4302.22642,4.77708,0.261872,7.67509,0,0,0,0.565020561,27.47563542,2.629564,5.9453,-0.239556,2.18,0.011969,0.027703,0.141992,0.631828,0.253197,0.156923,-0.084733,-0.093072,-0.309037,0.381216,-0.95183,0.429013
566,165.21581,1.30854,0.374254,2.59449,0.387689527,0,0,0.519672751,4.90212349,-0.161641,8.19541,0.046666,-2.12,-0.233124,-0.163979,-0.270586,-0.470867,0.195872,-0.228937,-0.493917,-0.113123,0.044902,0.191435,0.37486,-0.353569
34,40.92143,197.911,108.978,89.6183,0,0,0,0.700975537,9.69401325,0.124529,10.8637,0.459815,-0.18,0.996064,-0.234463,1.03466,-0.10957,-0.322887,0.679871,0.859064,0.126064,0.213551,-0.285694,1.239065,-0.570941
1167,4.23961,73.0428,1.80633,16.9054,0,0,0,0.767147124,2.93755893,-0.872204,5.35738,-0.2756,0.06,2.147106,-0.24126,0.753537,-1.396435,-0.55888,2.247655,-0.929656,0.711273,-0.274863,-0.28397,-0.361887,-0.432892
517,1129.59722,5.9538,0.407267,2.62707,0.494209116,0,0,0.682115436,4.28735771,-0.218952,7.48035,-0.501773,-0.99,-1.567747,0.716098,0.396087,-0.019516,-0.128765,-0.888108,-0.415953,-0.571167,-0.502616,-0.117159,-2.074609,-0.350262
50,3.53068,31.9153151,27.4501858,42.0457269,0.084804123,0,0.065893071,0.703231247,11.82326463,-0.19188174,8.334885,0.01067577,-0.2979,-0.3365307,-0.10239946,-0.13357663,-0.06115692,-0.06611278,-0.39821009,-0.84401665,-0.09525629,0.05083184,-0.04945608,-0.10843573,-0.12631004
45,1715.16552,13.8581,9.20037,44.4973,0,0,0,0.650545239,8.26567547,-0.185072,5.06581,-0.238037,0.51,-0.5526,0.100667,0.122433,0.064253,0.097822,-0.326277,-0.502728,0.465567,0.105931,0.084428,0.13187,-0.982774
567,58.09904,6.88335,0.31003,1.56152,0,0,0,0.824708164,4.66879313,0.164661,7.7212,0.180908,-0.36,-0.366094,-0.072612,0.101034,-0.30702,-0.122029,0.409295,0.477334,-0.125242,-0.187395,0.104274,-0.552678,0.166042
1040,140.44703,5.13685,5.8127,0.921413,0,0,0,0.743839204,12.90950108,-0.370766,7.7129,3.049092,-0.69,1.139613,1.501415,-1.58335,-1.577754,-1.001101,2.604638,0.597821,-1.021921,0.239832,-0.387869,3.583589,-0.967734
712,264.93653,0.163195,0.0398599,1.47414,0.395367293,0,0.894080968,0.597733259,5.8717989,0.340193,5.14396,0.494813,-0.53,0.963799,-6.643856,0.588055,-1.854367,0.927783,0.712517,2.260224,-6.643856,0.400915,-0.347881,-1.116142,0.694749
1,4524.99996,5.89974,4.96152,15.5602,0,0,0,0.37917918,1.99733796,-0.171064,10.5996,-0.148093,0.09,0.13133,0.193752,0.258432,0.235502,0.316355,0.334546,0.174692,0.370161,0.6769,-0.177092,0.440363,0.267981
21,324.5184,0,0,0.658488,0,0,0,0.501750886,1.74820254,1.221937,8.0723718,-1.43701018,-0.02,0.22246092,-0.00908459,-0.741099,-0.56182599,0.40514169,-1.58004626,-1.1699147,0.03888946,0.02754245,0.61407444,-1.03869874,0.37476982
58,1618.50988,0,0,0,0,0,0,0.14734854,1.99932516,-1.31919559,8.3600695,-0.75781212,1.613,0.36604277,-0.36698492,-0.16912237,-0.65745823,-0.66836992,-0.5807438,-0.40217869,0.05618038,0.06312776,0.44281057,-2.21964194,0.2072367
57,4.81382,0.0387833,0.101044,0.131827,0,0,0,0.515898534,1.9940426,-6.643856,7.5484907,-1.624757,-0.6527,0.486325,-6.643856,-0.975824,-1.749891,0.617308,1.285498,-0.833125,0.781503,-0.0575515,-2.84419626,-2.50374671,-0.58228038
128,2033.84967,109.256,4.7685,145.507,0.787925159,0,0.957427108,0.747131348,4.89364881,0.419062,8.75916,0.557782,-3.1,-6.643856,0.837424,0.785708,-0.760845,0.554955,2.191457,-6.643856,1.861094,0.397656,-0.320994,-0.647656,0.434533
1,5098.77916,0.522159,0.169688,0.428808,0.558572271,0,0,0.495365709,7.02337534,0.569691,6.7970514,-0.871616,-2.78,3.886898,-6.643856,-1.187743,-2.005174,2.53066,2.56338,3.850186,0.916372,-6.643856,4.347351,2.061115,-6.643856
1,108.56923,2.50342,0.496362,2.69373,0,0,0.957427108,0.631864309,5.87436508,0.68629,8.06258795,1.925277,-3.64,-2.147331,-3.501442,-1.017961,2.292077,-6.643856,1.907736,0.922948,1.952086,-0.744555,-6.643856,2.306117,-6.643856
31,2287.01575,0.755169,0.619648,32.7457,0,0,0,0.781591654,2.98610432,-0.619784,8.62950205,0.217516,-0.89,0.13647,0.282336,-1.134933,0.275147,0.282311,-1.237183,-0.720489,0.478733,0.329433,0.35716,0.292815,0.410896
40,547.26349,24.7579,11.9914,81.3088,0,0,0,0.792072892,7.54165982,0.213072,8.80628,0.089097,-0.86,-0.116954,0.132118,1.655208,-0.072421,0.284872,0.250038,0.104458,0.189583,0.073476,-0.104933,0.168299,-0.104707
784,3780.70014,0,0,1.51697,0,0,0,0.111908376,0,-0.45408,8.8824584,-1.316768,1.1132,-0.60343168,0.02172236,-0.42545654,-0.62792491,0.12840179,-1.09140088,-0.34858162,0.30827882,0.13024775,0.474997,-2.08053609,2.475969
37,11.36697,45.3135,39.1901,79.8628,0,0,0,0.432313383,2.00140612,-0.070755,12.1361,-0.382038,0.19,-0.52645,-0.142222,-0.827,-0.072886,-0.280827,-0.349125,-0.11393,-0.407895,-0.05777,0.065333,-0.149274,0.100095
256,27.09868,38.2217,28.5577,48.6447,0,0,0,0.320700407,5.62602042,0.208699,7.38494,-0.083492,-0.16,-0.153536,-0.200274,0.091973,-0.198144,-0.170293,-0.213632,0.192014,0.095068,-0.156065,0.264992,-0.242775,-0.218433
102,42.02222,13.5728,2.45612,4.1627,0.899703515,0,0,0.824708164,7.68047773,-0.236368,8.55226,0.603323,-1.2,-0.140762,0.32375,-0.653373,0.193909,-0.395808,0.299155,-0.476871,-0.187398,0.100678,0.319353,1.982056,-1.146556
656,133.06333,0,0,1.11565,0,0,0,0.444330692,0,0.462439,8.0888131,-4.649904,0.88,0.2443353,-0.01534531,-0.4556315,-0.8440317,0.17241091,-0.55389949,-0.24370697,0.20141838,0.04784289,0.17032822,-0.63221082,0.91155416
26,27.87219,164.329,100.576,60.6634,0,0,0,0.782960892,5.42051031,-0.119141,13.7026,-0.658384,-0.27,-0.567547,0.209217,-0.195145,0.224891,-0.485826,-0.673243,1.450146,-1.903845,0.409568,-0.936904,0.80936,0.82565
32,363.12652,5.06759,1.8293,13.1943,0.882196062,0,0.957427108,0.636561334,9.79939448,0.46935,11.9665,-1.260198,-1.1,-0.508269,-6.643856,0.308106,-0.971972,0.183297,-0.659923,0.389723,-0.392432,0.537158,-1.153188,-1.889731,1.495106
30,1985.01297,34.3175,1.81331,7.97752,0.570354007,0,0.957427108,0.715312243,8.93466965,0.158828,7.39595,-0.512734,-1.29,0.667423,1.537555,0.194994,-0.265719,0.066464,0.824046,-3.079616,0.408286,-0.154984,0.40511,-6.643856,0.440877
426,4975.85094,8.05688,4.15885,8.02007,0,0,0,0.594703972,8.84950791,-0.23811,8.81007,-1.653635,0.15,-0.339944,-0.390562,-0.323457,-0.366766,-0.526896,-0.379233,-0.359242,-0.348675,-0.398339,-0.504179,-0.351285,-0.527642
17,5273.56078,2.52552,0.0361118,0.305436,0.543648904,0,0,0.593016148,10.79073801,0.406413,8.34296,1.041173,0.11,-0.515386,0.427018,0.655277,-0.329568,-0.760359,0.763853,1.018405,-0.15961179,0.836103,-0.561835,1.246044,1.44078
52,203.86765,1.22951,1.09652,4.39466,0,0,0,0.411126267,1.99992573,-0.41726,7.08676195,-0.434672,-0.6817,-0.833684,-1.551028,-2.203914,1.168516,0.35045,1.276043,2.166558,-1.143965,-0.338257,0.84224,1.037106,-1.589057
49,3116.98407,7.52875,0.928861,3.70496,0,0,0,0.267443687,5.89036917,0.245385,11.7637,-0.186739,1.8,0.39097,0.501038,0.949638,-0.251768,-0.189028,1.250039,-0.311825,1.000918,-0.311955,0.638513,-1.009247,0.493502
1,1308.42229,1.96328,1.3644,13.3073,0.89609491,0,0,0.244530007,6.90823393,-0.63349,5.91911,0.942052,0.86,-1.269725,-6.643856,1.835287,1.367762,-3.054647,2.500576,2.088431,-6.643856,-0.370679,-3.829076,1.076835,-6.643856
1,41.12591,0.149231,0.114646,0.583287,0,0,0,0.181705475,2.83811816,0.862352,6.82689605,1.589317,0.53,4.444428,2.362735,-6.643856,2.419007,-2.739802,-1.114734,-6.643856,-6.643856,-6.643856,-6.643856,2.224872,1.052476
45,1510.90255,6.50295,2.39363,3.86741,0.932800606,0,0,0.711480618,3.98295932,-0.965333,9.21449,-0.831173,-0.24,-3.297636,0.414498,-3.136595,0.198776,0.364147,0.750951,0.626286,0.664435,-0.207844,0.488045,-1.446152,-4.146116
39,1772.52944,0.602988,1.30813,0.99814,0.853179975,0,0,0.622939706,3.99033126,0.625101,5.14932,-0.969004,0,0.752273,-0.808762,-2.199485,1.766588,-1.173395,-6.643856,0.731934,-0.68286382,0.963532,0.539048,1.046218,-3.043321
305,3330.11414,16.6703,0.755957,4.84516,0,0,0,0.575230479,3.8377306,0.923181,9.18741,0.483902,0.55,-0.330841,-0.277353,-0.459971,1.469183,-1.728548,0.685037,0.307503,-0.755289,-0.894687,-1.846926,-1.990382,1.318722
257,7029.68062,1.25714,1.00514,2.34743,0.545722407,0,0,0.653915465,10.93726445,0.263466,2.34247,1.079734,1.07,-0.260417,0.863147,-6.643856,-2.148263,0.226286,0.616954,-0.317685,0.333993,0.789501,-0.678582,0.91665,-2.849754
74,1330.90849,7.4931,5.17312,7.69615,0,0,0,0.762403488,4.62651381,-0.08575,8.99251,-6.643856,1.39,0.186033,-0.608247,0.844544,0.10959,-0.146787,0.244055,0.184816,-0.16504,-0.061723,-0.374156,0.545297,0.547257
80,602.61593,48.4347,7.49669,44.0492,0,0,0,0.638582647,0,0.236134,6.06612,-0.138003,-0.2,0.352861,-0.218985,0.134928,0.067781,0.090736,0.362767,-0.481314,-0.154496,-0.104149,0.215041,0.083028,-0.102677
650,4347.97507,26.8739,6.78081,29.5574,0.431381082,0,0,0.229989916,7.6323214,0.261585,9.74534,-0.149455,-0.29,-0.141128,-0.182653,-0.133136,-0.225933,-0.386835,-0.186566,0.679538,-0.153487,-0.126892,0.328431,0.329114,-0.221173
71,8.43166,2.0679,0.524384,1.47809,0,0,0,0.146139458,5.613720566,-0.172195,3.27181,0.395168,-0.0055,2.092867,0.610929,-6.643856,-1.340289,-0.306043,1.280613,2.591148,-2.213068,-0.20721,0.697258,1.271227,-1.966932
19,2304.1461,0,0,2.53345,0,0,0,0.45271197,14.75014718,-0.273767,4.52197,-1.04236775,1.91,1.975853,0.62231,-0.428619,-1.21024648,-0.07160454,-0.59479063,-1.263687,0.575337,-0.05181365,0.11291467,-0.2315401,0.09171864
998,1919.79326,0,0,0.0283906,0,0,0,0.111908376,0,-1.20637464,8.22584065,-0.83121504,3.69,-0.77555116,-0.54955938,-0.63292516,-0.44398175,-0.72360186,-2.15400125,-0.27902932,-0.13898681,-0.03263915,0.04974592,-2.44457989,-0.06462399
19,1835.21965,0,0,16.648,0,0,0,0.170125708,1.74820254,-1.298345,7.38045,-0.9934251,1.13,-0.12212489,-0.56348422,-0.11372082,-0.7873437,0.28213462,-0.71366402,-0.26698412,-0.28641273,0.14301102,0.1818288,-0.80189272,-0.81250392
110,10099.65241,0,0,0,0,0,0,0.146139458,0,-1.22772098,8.5186493,-0.87424121,1.84,-0.34116812,-0.38389049,-0.44159492,-0.57183633,-0.61797261,-0.94392369,-0.12580752,0.03402561,0.06984995,0.66658024,-2.31917159,0.19417126
1,2713.21922,0,0,0.0654694,0,0,0,0.25535503,0,-0.91049167,8.52431985,-1.45789333,1.4784,-0.31387477,-0.26623311,-0.41546462,-0.79081808,-0.40974731,-0.81877786,-0.1335264,0.06207978,0.14561172,0.34222303,-1.29849446,1.06253838
95,118.03568,0,0,0,0,0,0,0.123297259,0,-0.90868964,8.78573335,-0.61746309,0.4389,-0.46879471,-0.01284635,-0.38661252,-0.60938773,-0.49248558,-1.02691812,-0.25413803,0.02331299,0.00722357,0.56302993,-2.13361804,0.95345624
19,650.65007,0,0,2.02284,0,0,0,0.111908376,0,1.757778,8.7149633,-1.645387,1.02,-1.131168,1.237485,0.936742,-0.41030867,0.26913639,-1.17601,-1.255153,1.869913,0.22275389,0.29466211,-1.0278168,-0.37532852
178,2290.45899,0,0,0.110064,0,0,0,0.111908376,0,1.50076,8.4719071,1.820064,1.13,-1.415524,-0.05190115,-0.59667511,-0.45800654,-0.48287863,-1.197517,-0.40195645,2.479967,0.35805288,0.37258329,-1.84481373,-0.40141675
46,239.02977,0,0,0,0,0,0,0.146139458,0,-1.20373397,8.46551955,-0.54404049,0.37,-0.25325159,-0.28769199,-0.27140175,-0.63786018,-0.23915476,-0.55215829,-0.02516119,-0.16434091,0.06653711,0.85590612,-2.48409493,0.29430238
53,2179.08089,0.633091,0.134019,0.958143,0,0,0,0.146139458,1.98266541,1.005624,6.1595132,1.911544,1.73,-0.75785,1.528439,1.481971,1.406436,1.500954,2.179395,3.027852,-1.35220537,1.197364,1.34553,1.837997,-0.652785
272,4882.5213,0,0,0,0,0,0,0.111908376,1.98266541,-1.60147381,8.4931479,-0.58773541,1.89,-0.06863742,-0.45118867,-0.36397762,-0.48544787,-0.5896658,-0.77744434,-0.14410127,0.09520434,0.02531518,-0.1982893,-2.25190589,0.35825168
187,4489.11023,0,0,0.0910709,0,0,0,0.111908376,1.98266541,-0.37530549,8.5664191,-1.34184865,1.48,0.08155225,-0.26718359,-0.53479662,-0.55909212,-0.64861631,-1.00642021,-0.14400009,0.15426833,0.0772679,0.12172735,-1.84382599,0.99545959
92,2006.35393,0,0,0,0,0,0,0.144167379,0,-1.47024298,8.70853675,-0.964406,1.49,-0.34660358,-0.75648747,-0.17561417,-0.55367706,-0.67077168,-1.24856391,-0.11348267,-0.14305602,0.03802569,0.51672621,-2.38762667,0.07576155
49,151.61085,14.9237,1.43059,3.14931,0,0,0,0.563471615,6.67916052,0.29172,6.59827,0.248127,-0.84,0.139399,0.083035,0.164075,0.114352,0.111636,0.479519,-0.279879,0.124949,-0.286897,0.227781,0.510321,0.146706
149,235.93423,8.36924,4.52536,24.6983,0,0,0,0.579714477,3.665723134,0.21097,7.07706,-0.481588,-0.38,0.129951,0.259248,0.58366,-0.15791,0.095298,0.279659,0.34335,0.224981,-0.78459,-0.163886,-0.469014,-0.195311
68,41.40219,0.776102,0.172973,0.496205,0.497331948,0,0,0.455463469,3.27505451,1.134618,10.5511,1.214724,-0.89,-0.711776,0.380092,-6.643856,0.381762,0.461973,0.695259,-0.51941,-0.89973,0.474982,0.855685,-6.643856,-2.098843
82,216.58313,0.329331,0,0.907013,0,0,0,0.22862041,2.99226437,-0.390829,10.4626,-0.69853784,0.31,1.089543,1.508609,-0.837109,-0.65004047,-0.27582125,-1.39721127,-6.643856,0.00253485,0.76141731,-0.05441119,-1.28937651,-0.09331319
1529,1247.40878,0.0725216,0,0,0,0,0,0.146139458,1.86907763,-0.78087281,7.8967126,3.049433,0.61,-0.35739204,0.17040947,-0.32376637,-0.23382964,-0.38114365,-0.96500301,-1.18201213,0.677482,0.08508376,2.077231,-2.06095213,0.39010015
561,53.96564,6.87741,7.38181,13.6031,0.395367293,0,0,0.672696948,1.90038475,-0.225296,9.719055,0.099855,-0.16,-0.246341,0.238934,-0.180315,-0.16758,-0.204169,0.502615,-0.338725,-0.393766,-0.135931,-0.289543,-1.391015,-0.188449
96,48.90667,0.5471,0.149176,4.75542,0,0,0,0.80871886,2.99056035,0.122678,8.20338,0.358095,-0.98,-0.343694,0.281809,0.217354,0.195191,0.29884,1.111184,3.044109,0.398156,0.217548,-0.37289,-0.967186,-0.357471
166,1086.94608,0.522335,1.43363,1.75341,0,0,0.957427108,0.527515531,0,0.767895,7.93445,0.350224,0.76,-6.643856,-0.890287,0.362302,-1.658658,-0.966776,0.312625,-0.499819,-0.633193,-0.908256,-0.740519,-1.242303,0.653159
745,40.97898,1.43445,0.721368,18.0719,0,0,0,0.54646343,2.96331746,-1.126097,8.5856,-1.147479,-0.73,-0.133084,-0.222096,-1.308227,0.645128,0.403133,-1.994498,0.574886,-0.079356,-0.118672,0.247843,0.700888,-6.643856
597,1899.16799,1.19935,0.732066,0.91261,0,0,0.957427108,0.746229529,1.99962367,-0.283882,5.45136,-0.32268,-1.1,0.465522,0.597113,0.37354,0.468743,-0.464855,0.482466,0.341451,0.175917,0.128587,0.66835,1.021462,0.253074
41,426.62286,4.75666,0.44053,7.18509,0,0,0,0.640711069,0,-0.15748,7.71797,-0.743428,1.05,-0.513606,-0.191484,0.71939,0.44301,0.14431,0.344605,-0.726059,0.269943,0.107842,-0.171249,-0.517509,-0.167621
244,317.57217,13.1443,20.1172,30.097,0,0,0,0.650558949,1.99992492,0.463889,10.3538,0.11099,-0.2,0.726167,-0.102571,-0.296745,-0.270962,0.089518,-0.236598,0.313907,0.340277,0.075381,-0.123625,-0.25856,0.321905
36,16.87911,18.9577,4.2196,4.24083,0,0,0,0.737545311,8.90483434,0.21104,8.90783,1.127607,0.04,-0.478189,0.219026,0.382622,0.12304,0.23097,-0.265636,0.287155,0.23914,0.149959,-0.344191,-0.634132,0.843819
129,599.71226,19.5416,4.43704,12.3471,0.494209116,0,0,0.852899194,10.79929478,-0.121963,12.6962,0.334379,-0.64,0.26697,0.370477,0.641072,0.60788,-0.20044,-0.565735,0.415687,0.915432,-0.214697,0.579013,0.16831,0.574694
37,220.34888,25.379,11.4972,8.13171,0.545042391,0,0,0.306420118,6.97589348,0.119685,7.69688,-0.324973,1.34,0.164092,0.214522,0.139417,0.329098,-0.161424,0.38921,-0.147811,0.132971,0.073561,-0.124068,0.205175,0.336955
14,289.79879,82.3744,40.5436,67.348,0,0,0,0.693781972,3.66240179,-0.445908,8.26201,-1.266386,-1.89,0.454336,0.230737,0.500365,-0.206078,-0.880257,-0.570751,0.411528,0.378867,0.316665,0.470458,-1.681479,-0.577343
783,1363.72417,0.982692,0.108455,2.14859,0.477894065,0,0,0.833875239,2.94475488,-0.198626,3.29409,2.758929,-0.0935,0.616372,-0.527868,0.922083,-0.099735,0.33032,1.24024,-2.179083,-0.329037,-0.202454,-1.552031,-0.232015,0.357575
609,15.56557,0.714733,0.245544,1.83402,0,0,0,0.209607884,3.97250131,-0.20087,7.68704,0.183867,-0.0542,0.191098,0.236576,0.254467,-0.285309,0.207674,-0.417999,0.62266,-0.834343,0.363522,0.582704,0.331543,-0.627813
35,76.83464,15.5275,1.15447,43.0607,0,0,0,0.71511656,1.99990361,-0.101408,8.74898,-6.643856,-0.09,-1.926348,0.230452,-0.223101,-0.956088,-1.09112,0.637321,1.196167,-1.119928,0.311319,0.608337,0.478031,1.217131
47,423.3568863,0.087814,0.570161,1.39554,0.306080306,0,0.09094714,0.643934898,5.95345819,0.476908,6.44466,0.525578,-0.6873,-0.355454,-0.18896956,0.20939729,-0.972934,0.579958,-0.57074992,0.85565942,1.024861,2.836727,-6.643856,3.271395,1.378184
35,3481.90583,0.067202,0.191789,4.34285,0,0,0,0.250911236,9.90845216,-0.681139,11.0339,-0.73454,1.01,1.002076,-0.542704,-2.012835,1.777298,0.22291151,-1.904224,-0.607843,-0.37606933,-1.0194,-0.843818,0.786371,-6.643856
56,22.08097,0.831856,1.61753,6.81154,0,0,0,0.348049432,4.93580207,1.579627,6.75605,1.571278,-0.16,4.373908,-6.643856,-6.643856,2.945032,-2.490391,4.439217,-3.980966,4.068692,0.923171,4.361848,0.844368,1.833822
19,81.7627,12.3202,0.628377,19.3525,0,0,0,0.275690168,2.87341017,-0.109779,7.73914,-0.393128,0.1795,0.541839,-1.253592,-3.358098,-0.697553,0.268673,-0.844888,-0.151077,-0.097759,-0.158265,0.278876,0.292007,-0.217906
1165,721.7254,5.17332,2.22771,8.87637,0,0,0,0.443194807,1.61745951,-0.245486,6.1947,0.704026,0.04,-0.345178,0.221641,0.564987,0.165707,0.094279,-0.276724,-0.396594,-0.441673,0.202484,0.142447,-4.38358,0.496678
18,134.29607,0.0596666,0,0.0867021,0,0,0,0.235678985,4.81544009,-0.20442311,7.76694,-6.643856,0.529,0.21892933,-0.68275838,-0.24819595,-0.49953476,-0.33330294,-1.06089502,-1.36390985,-0.35779697,-0.17126897,0.08570657,-1.0830114,0.92257292
35,15.56407,14.8306,7.34216,30.8434,0.514240382,0,0,0.794491291,4.90475214,-0.209695,8.80021,0.246696,-0.36,0.096268,0.154901,0.079176,0.230025,0.16101,-0.084895,0.158363,0.156192,0.141316,0.101575,-0.569343,-0.102734
651,6.37885,23.1706,5.15203,11.763,0,0,0,0.824708164,8.79676704,-0.26977,8.91752,-0.113886,-0.43,0.473658,-0.066979,-0.258196,0.312155,0.08388,-0.208492,0.211758,0.156778,-0.073878,0.067522,0.525347,0.386202
36,21.40368,21.0166,6.63453,28.35,0.479453267,0,0,0.794239461,6.7860231,-0.028757,5.58003,-0.050797,-0.14,0.069656,-0.239946,-0.39611,-0.106626,-0.166186,0.47187,0.375836,0.182344,-0.111244,-0.240991,0.20768,-0.235187
1084,173.2434,0,0,0.548622,0,0,0,0.25535503,2.363703966,-3.070051,7.96442745,-1.85741062,1.67,-0.13253887,-1.04451568,0.01377921,-0.98318151,-0.18673061,-1.22330216,-0.41768655,-0.82030388,0.00587186,-2.78436062,-2.13577255,0.35498083
220,451.59604,0,0,0.225733,0,0,0,0.111908376,1.231402029,-0.628339,8.34527495,-1.48700526,1.16,-0.46469521,-0.19433815,-0.46104206,-0.76205946,-0.56381634,-0.93999813,-0.21732272,0.15695143,0.16255722,0.03182116,-1.76826859,1.06708858
27,322.64102,13.4228,11.9735,11.8755,0.485853291,0,0.816284141,0.824708164,3.97104425,-0.360743,10.7884,-0.104766,-0.87,0.127472,-0.234167,0.88302,-0.283453,0.058631,1.197423,0.673385,-0.190677,0.330587,-0.114031,-0.461954,0.250384
31,96.86296,69.0176,0.607845,8.31352,0,0,0,0.207279682,14.82926659,0.103595,6.52404,1.554588,-1.37,0.437491,0.527408,0.498133,0.677928,0.990023,0.588414,0.598427,0.716294,-0.558286,0.795309,-1.949044,-2.293857
13,9600.77696,62.3638,23.0327,268.744,0,0,0,0.3721928,4.97086711,-0.073271,9.11487,-0.074392,2.16,-0.351021,0.188074,-0.154018,0.047526,0.037564,0.714782,-0.316706,0.108038,-0.075096,-0.108166,0.154671,0.265417
52,1699.46831,235.411,183.23,168.093,0,0,0,0.71101737,7.43867349,-0.065704,8.87896,0.042561,-0.05,0.088666,0.042989,0.249818,-0.023312,-0.024918,-0.128221,-0.304386,0.155274,0.036241,-0.128681,0.2188,-0.316301
260,0.9687,96.0228,66.6153,153.472,0,0,0,0.782960892,12.50320448,0.055113,11.0922,0.110513,-0.47,-0.088291,-0.088369,-0.140595,-0.101644,-0.093732,-0.13652,0.281638,0.09757,0.06119,0.091006,-0.194743,0.076657
67,5.14301,34.9514,21.1687,53.4618,0,0,0,0.782960892,9.67742038,0.197052,6.00094,0.185127,-0.41,-0.369655,-0.077157,-0.255899,-0.04383,-0.03947,0.549878,0.324622,0.135157,0.045126,-0.045352,-0.159152,0.075734
137,605.54211,20.733,9.8677,18.0196,0,0,0,0.497687757,4.28855844,-0.064955,10.4794,-0.131488,-0.2,0.20326,-0.36418,0.076755,-0.096828,-0.118196,-0.098711,-0.12614,0.166703,0.044931,-0.066705,-0.198736,0.148523
457,3.61036,13.6866,11.1844,20.6591,0,0,0,0.782960892,15.67297733,-0.126175,8.3565,0.281273,-0.23,-0.574065,-0.15209,-0.072965,-0.163957,-0.150274,-0.328215,-0.332921,0.271574,0.20241,-0.373508,0.12161,-0.284819
58,30.97993,99.6113,68.3244,140.452,0,0,0,0.824708164,7.74742911,0.110946,8.0914,0.229984,0.19,0.117261,0.22702,-0.113219,-0.413444,0.084846,0.1492,0.319639,-0.18708,-0.071911,-0.078277,0.360558,0.66764
21,1565.5627,0.618594,1.86475,3.29856,0,0,0,0.748882174,2.93433955,0.284287,8.3443,0.53159,-3.08,0.612526,0.502132,1.466607,0.195906,1.769112,0.138487,0.068619,0.127913,-0.261487,-0.407651,1.396133,0.520903
28,109.27527,0,0.0694395,1.84327,0,0,0,0.292119116,1.70705006,0.912702,5.86592,-3.75590186,0.52,0.915187,1.200768,1.628698,-2.190401,0.786887,0.737691,-3.490059,-0.681547,0.711864,0.788607,-1.50589058,-0.11436528
282,27.05157,140.719,91.4915,151.441,0,0,0,0.655866444,8.5953168,0.085103,10.2306,-0.316533,0.3,-0.073299,-0.052798,0.296067,-0.203474,0.159433,0.227544,-0.329044,-0.177168,0.054774,-0.067671,-0.075092,-0.071025
326,186.7787,6.94983,4.63894,10.289,0,0,0,0.566305161,3.86565544,-0.197835,6.39886,-0.327751,0.51,-0.469498,-0.414822,-0.218356,-0.528587,-0.647334,-0.278714,0.220435,-0.6561,-0.332473,-0.439804,0.214101,-0.518213
205,26.34746,46.3921,6.57012,22.6346,0.76009538,0,0,0.152543604,8.75669984,0.183828,8.54443,-2.601938,-0.05,-0.26222,0.248785,0.42958,-0.355014,-1.08962,0.389674,-0.536085,0.622066,0.107036,-1.171325,0.254778,-0.389895
322,1105.62229,159.912,1.75494,1.81733,0,0,0,0.139342904,1.99980452,0.58673,10.822,-1.428249,1.3646,0.878111,0.720166,0.435919,0.740071,-2.528674,0.630708,0.729081,0.873543,0.612845,-0.623498,0.880662,1.684484
588,64.21028,0.427443,0.00799526,0.383136,0,0,0,0.748086929,2.80908984,-0.94061,8.2850264,1.625181,-0.47,-0.206378,0.130377,-0.301175,1.033212,0.496957,-0.85649,-0.790156,0.321347,1.301092,-1.73523976,4.066833,2.987444
39,8.76227,0,0,0.915058,0,0,0,0.111908376,0,0.472192,8.0128659,-1.3635936,-0.25,-0.04966179,-0.01183988,-0.38458417,-0.66368417,0.01243032,-0.92667226,-0.27424565,0.40414367,0.05569553,-0.29251905,-0.99167246,1.06401867
18,37.62967,29.2930127,16.03421467,37.6661659,0,0,0,0.214144617,3.426839273,0.00351482,6.09594,-0.07416131,0.1742,-0.01369184,0.05052891,0.06428865,-0.04622194,-0.08512511,0.15900636,-0.13675113,0.06818395,0.00574628,0.00354237,-0.06248658,0.01286277
17,9663.74662,1.68853,0.266307,9.1775,0.248900665,0,0.089119532,0.525031786,5.484256009,0.948012,8.88912,0.913378,-0.2347,1.979125,1.51973,2.103584,0.789989,0.595531,1.500769,1.921278,0.358638,0.592727,0.993061,0.601032,1.197729
377,585.87908,0,0,0,0,0,0,0.132632999,1.000444381,-0.87886447,8.6806212,-0.58016771,0.5595,-0.35194581,-0.11240286,-0.30454037,-0.60036236,-0.37131319,-0.75074553,-0.12053045,0.06768899,0.19485747,0.80974728,-1.92900456,0.67671542
492,24.8781,0.899082,2.8411,0.587745,0.16352958,0,0.031401958,0.454344891,4.266910431,1.061759,8.23975,-0.06222764,-0.5074,-0.12918169,0.09629846,-0.97409328,1.025522,-2.616874,-1.14237262,0.18540541,-0.52549829,0.73692,0.606714,-6.643856,-0.24328593
465,2.26953,0.133773,0.41997,2.65571,0.274046522,0,0.047199266,0.683345954,6.460060184,-0.391255,5.05716,1.039668,-0.430498478,0.23162611,0.02091418,0.02839124,0.22407108,0.446047,2.108772,-0.19631168,0.21023034,1.475296,-0.718168,0.53969341,-0.79932
44,76.62647,0,0,0,0,0,0.041671654,0.139237409,0.874624725,-0.87848125,10.8734,-0.36674203,0.3558,-0.25005328,-0.28494236,-0.50567224,-0.52521153,-0.39531305,-0.99047614,-0.17468964,-0.04799118,0.035316,0.48952467,-1.89729052,0.8206595
61,1450.14696,74.6331,46.2098,60.5694,0,0,0,0.289121509,10.515842,-0.056299,6.50294,-0.102467,1.85,-0.358657,0.071972,0.08883,-0.138215,-0.107482,0.358936,-0.456331,-0.067513,-0.103238,0.110063,0.489597,0.354873
241,699.03034,5.72878,3.33028,19.749,0,0,0,0.146139458,4.018166916,0.087627,8.93958,0.165742,1.44,0.686599,-0.3168,1.063056,0.17203,0.303778,0.91476,-0.220814,0.505704,-0.101303,-0.115311,0.212888,-0.354974
49,564.91468,20.3619,15.7335,28.6382,0,0,0.615881762,0.402789861,1.47083869,-0.081781,6.8034,-0.115658,-0.71,0.52036,0.061828,0.532692,-0.221796,-0.346883,-0.150827,0.433574,-0.053616,-0.221133,-0.250331,-0.23264,-0.250019
180,987.04507,12.0732,3.70345,11.164,0,0,0,0.426189721,2.97179723,-0.062645,7.71482,-0.373129,-2,-0.153314,-0.118852,0.118016,0.094836,-0.225508,0.228138,0.247412,0.13533,0.032254,0.211459,0.292257,-0.139643
320,1695.64989,0,0,0.458663,0.468244205,0,0,0.519814193,3.97098282,0.775995,7.09937,-1.16671177,-1.32,0.28879939,-0.22769948,-0.36489562,-0.79757955,0.01696781,-0.45938804,-0.51017474,0.21000632,0.0850442,0.52035291,-0.88164868,0.87234816
208,693.6775,0.0900213,0.0255395,0.357389,0,0,0,0.778094649,10.68395422,-0.290894,4.5604,1.057115,-1.99,0.159534,-0.17247,-0.070924,-0.53641,0.881104,-0.949463,0.377492,0.107842,-0.45877,0.449822,1.008995,0.801746
280,233.51927,1.63198,0.301743,1.11228,0.540926836,0,0,0.667762339,6.69970933,0.178783,8.5989059,0.855876,-0.27,-0.146944,0.675051,-0.382452,0.275704,-0.510465,0.46328,-1.227865,1.082803,0.126987,0.220822,-1.393254,0.737237
46,1095.64678,8.37809,7.91462,17.102,0,0,0.957427108,0.55241257,1.96798985,-0.176375,8.0315,-0.813185,-0.1685,0.299749,0.102967,-2.287446,0.138314,-0.312647,1.15464,0.394247,0.082907,0.201665,-0.380701,0.76363,0.665363
8,235.27173,0.23137,11.5862,12.3003,0,0,0,0.123297259,1.97755717,-0.479492,6.87733,-0.501529,0.13,-0.292487,-0.633348,-0.545798,1.304366,0.682309,-6.643856,-0.32892,0.423663,0.466331,0.690733,0.445454,1.629966
1,986.92433,32.6808,181.103,25.5073,0,0,0,0.770912826,2.97639148,-0.155076,8.35882,0.411157,0.22,0.340549,0.327357,0.224818,0.306909,0.481725,0.41945,0.373332,-0.316318,0.328898,0.300631,0.47729,0.608547
81,1292.6128,1.7701,0.745953,0.553005,0,0,0,0.704433322,2.8304118,2.897399,11.7362,3.87599,-0.26,3.388707,1.281653,3.253547,-3.244911,3.986849,3.309828,2.021782,-6.643856,3.186712,3.74593,-6.643856,3.540304
26,43.02086,14.9767,16.5816,8.05378,0,0,0,0.809006751,2.8304118,-0.125076,8.62799,0.661957,-0.42,-0.564193,0.191069,0.2884,0.392951,0.109498,-0.231791,-0.474556,0.389892,-0.051981,-0.072453,-0.18032,0.086726
215,400.1404233,13.2299,8.82313,49.9014,0,0,0,0.72829324,0,0.099188,7.56499,0.361596,-0.99,-0.234277,0.295614,-0.216433,0.128495,0.128323,0.116328,0.204244,-0.104645,-0.042241,-0.171158,0.379167,0.183368
39,115.75595,43.7703,1.67254,15.6647,0.804354974,0,0,0.638582647,5.83357103,0.066757,8.50821,0.397061,-1.31,-0.557174,-0.124126,-0.506462,-0.509919,0.113898,-0.332074,-1.394423,0.247364,0.257348,0.547868,0.834706,-0.192136
28,6537.42463,0.0755362,0.0190877,0.875173,0.395367293,0,0,0.177065939,3.79511105,0.415688,9.6155,0.792864,0.28,-0.04316619,-0.18459961,0.859788,0.03067101,1.798889,-0.78867276,0.11922262,-0.6366083,-0.403883,-2.585297,0.02467652,1.469797
19,25.55771,3.41187,14.9237,37.9799,0,0,0,0.788574338,7.92021891,-0.282452,7.79645,-1.076443,-0.07,-1.446539,-6.643856,1.545025,-0.566456,0.35742,1.651814,-6.643856,0.260652,-0.278214,0.226202,0.60351,0.55314
148,49.57694,0.0145287,197.432,4.35115,0,0,0,0.319299012,3.64963493,0.448036,7.58952,-0.369671,-1.02,0.752565,0.299681,-0.512468,-1.35162477,-0.363384,1.593339,-0.499124,-1.253847,0.05110587,0.05139299,-6.643856,-1.60935955
1,1219.29265,5.09637,1.46751,7.21154,0.906644289,0,0,0.637993336,17.64906737,0.234029,8.14338,0.531513,-0.18,0.391117,0.611489,0.359993,0.469424,-1.570838,-2.333982,1.357182,-1.032064,1.020189,-1.839644,0.592662,-1.096353
10,320.26955,36.0682,5.94754,1.44884,0,0,0,0.764511526,2.90120367,0.619269,7.4751,0.617745,0.17,-0.280757,1.057222,-0.304153,0.14242,-0.521255,0.299211,-2.561732,-0.847941,0.180558,0.298086,-0.249976,1.738217
9,415.36286,23.0861,1.04292,6.14332,0,0,0,0.684255004,2.93433955,-0.143357,6.94280145,2.80458,0.33,1.978281,2.006981,-2.99517896,0.600307,-0.244606,0.51844869,6.02017,-6.643856,1.324205,2.857078,-1.307749,1.663573
1,15.98083,19.6755,0.579102,14.7575,0,0,0,0.70702368,2.81500504,0.136221,9.01336,-0.281647,-1.22,0.181506,0.23631,0.54609,-0.241688,0.235053,0.180671,0.731398,-1.00923,-0.387605,0.163412,1.405944,-0.602745
12,50.78753,0.316438,0.210884,0.251367,0.570663532,0,0,0.767620981,11.8139906,0.450565,7.51996,0.308629,-1.15,-0.361554,0.390678,-0.137496,-0.205037,-0.285822,0.729868,0.730691,0.516326,-0.151358,-0.180967,-0.718965,-0.368567
309,138.92944,20.1829,10.3478,7.27596,0.477894065,0,0.957427108,0.824708164,10.52385559,0.233212,11.3709,0.194212,-0.34,0.09552,0.515697,-0.679393,0.089448,-0.128003,-0.762531,-0.43954,0.282991,-0.266796,0.383822,0.352829,-0.905347
230,113.09937,20.4811,1.03405,56.1038,0,0,0,0.604412496,3.83438442,-0.239215,10.0301,1.512645,-0.53,-0.635102,-0.748666,0.391785,-0.401803,0.256912,-6.643856,0.657647,0.61336,-0.37047,0.735615,0.338157,-0.652467
15,21.70049,8.95096,2.25042,15.5573,0,0,0,0.693781972,7.9682249,0.133239,7.5651,-0.193789,-0.3549,0.597249,0.377891,-0.133973,-0.095,-0.170956,0.483969,0.998997,-0.169871,-0.093709,-0.147847,-0.172206,0.094372
433,34.06577,0.454691,1.63132,9.13376,0,0,0,0.724559009,1.61745951,0.082115,9.3844,0.112604,-1.11,0.268492,0.290006,-0.163872,0.603774,0.243275,-1.316309,0.700845,0.363934,-0.269777,-0.20921,-2.766884,-0.742502
66,10.57923,37.4704,65.945,16.97,0,0,0,0.207913831,2.99256063,-0.939078,9.421005,0.124821,0.2023,-0.128094,-0.176743,-0.914743,0.213694,-0.062535,0.638606,-0.832684,-0.184169,0.096262,-0.106686,-0.536652,0.254655
42,46.4952,35.7168,18.3302,44.0638,0,0,0,0.839585781,3.66240179,-0.110144,6.9087,0.360644,-0.89,-0.289741,-0.132747,0.079503,0.097742,-0.085508,-0.241711,-0.314691,-0.150932,0.120224,-0.158484,-0.683619,-0.431084
17,4051.69126,66.9089,0.663081,51.9819,0.930627006,0,0,0.786468923,7.79276302,-0.352032,7.06695,-0.838491,-0.34,-0.094986,0.078075,-0.22629,-0.319392,-0.128172,0.046258,-0.176666,-0.104619,-0.182318,-0.489951,-0.550093,-1.233346
19,94.00915,184.709,38.9466,124.167,0,0,0,0.444217145,0,0.339317,6.12255,0.472246,-0.03,0.924509,0.45738,1.072874,-0.726186,0.239249,-6.643856,-6.643856,-0.371253,-0.128763,-1.133551,0.502322,-1.219574
163,30.58676,0.221724,0,0.140474,0,0,0,0.123297259,1.98266541,0.395324,8.1583577,-2.877511,0.17,0.809782,-0.955853,2.046135,1.984369,0.994977,-2.49748511,-1.046551,-1.649594,0.387782,-1.277434,-6.643856,1.912042
16,1623.12511,0,0,0.0980923,0,0,0,0.123297259,1.98266541,-2.700866,8.2081469,-1.35385267,1.2,0.22026507,-0.8679094,-0.03254775,-0.71753676,-0.4049719,-1.07537069,-0.35233232,-0.34000826,-0.03157493,-1.56016301,-2.20252243,-0.15056116
118,802.33751,1.26698,0.330379,1.34866,0,0,0,0.146139458,2.96764242,0.963556,7.7840293,1.004698,1.42,0.944379,0.935199,0.785081,0.920788,0.680964,1.39518,0.997176,0.839237,0.870873,0.904576,0.813705,0.947467
272,305.63901,0,0,0,0,0,0,0.111908376,1.98266541,-0.40983764,9.03776,-0.92964913,0.19,-0.17180928,-0.13224738,0.09413804,-0.66888524,1.00490108,-0.83130153,0.02351068,-0.27320971,0.29824585,0.14954486,-2.2190474,0.99576864
187,3.16493,0,0,0.0916003,0,0,0,0.186891869,0,0.731589,8.57500275,-1.02479311,0.0673,-0.10124284,-0.19587255,-0.57769376,-0.78843796,-0.15688844,-2.51979763,-0.84647977,-0.12171979,0.09877404,0.30636826,-1.34982945,0.63736364
33,1070.45038,14.1676,9.70064,10.181,0,0,0,0.824708164,6.56033859,0.176964,9.9026,-0.81349,-0.22,-0.165712,0.242384,0.260446,0.251395,0.116828,-1.835651,0.179113,0.08769,-0.061082,-0.328814,-0.178762,-0.166336
30,56.37626,0.0625709,0,2.72336,0,0,0,0.693340123,14.05338892,0.317751,10.2605,-0.20068906,-0.3668,1.122796,1.473936,0.541103,-1.437728,0.937576,-0.90202016,-1.13023076,0.16534594,-0.17535191,0.01096548,-0.18065222,-0.64524009
73,3646.95795,6.63545,1.37343,1.54232,0,0,0.894080968,0.123297259,0,0.283792,9.82427,0.304013,1.97,0.509274,0.386008,-0.353104,0.058503,-0.109385,0.328588,0.105292,0.325887,-0.076952,-0.106234,-0.27913,0.646592
25,126.47135,0.539514,0.0869152,17.4274,0,0,0,0.549503975,0,0.297599,10.116245,0.390071,-0.173699239,-2.159321,0.778439,-1.004492,-3.799154,-0.290943,-1.848379,-0.924388,0.305793,-0.645406,-1.96064,0.82996,0.537575
1,472.6638,29.0244,8.99936,17.7424,0.731960198,0,0,0.831385493,13.82529558,0.252172,10.0243,0.286668,-0.12,-0.365534,0.21115,1.087078,0.298794,0.333247,-1.685723,0.2392,0.313833,0.147187,0.283794,-0.262172,0.737702
61,1518.25778,21.2438,5.20517,9.28207,0.395367293,0,0.957427108,0.679628551,7.91602311,-0.159399,7.78828,0.155543,0.18,0.684589,0.275841,0.236699,0.323346,0.151883,-0.619306,-0.24808,0.213546,-0.44699,0.179008,-0.918561,0.600328
86,378.07788,12.2982,3.44507,4.40311,0.477735479,0,0,0.603037536,2.97531153,0.53788,10.5098,2.892547,-0.47,0.484418,0.552408,-1.110994,-1.851342,0.145389,0.538719,0.215469,0.531631,-0.230974,0.330125,0.322498,1.192735
181,1723.9194,73.466,34.1568,65.6243,0,0,0,0.801729143,7.96584047,-0.048316,9.75511,0.058314,-3.42,0.231743,-0.349584,0.110202,-0.028144,-0.114092,-1.170089,0.535193,-0.274546,-0.058569,-0.090252,-0.098227,-0.467564
400,1053.74919,18.0126,15.0274,30.9423,0,0,0,0.288511723,1.9977004,0.146134,12.1361,0.180162,-0.05,-1.001608,0.163731,0.195762,0.222433,0.11624,0.349649,-0.629722,0.29982,0.22416,0.218293,0.366439,0.198945
1,57.52956,4.98175,2.47477,26.9918,0,0,0,0.413446665,0,-0.17147,8.03639,0.315102,-0.313998478,0.268458,0.399109,-1.397395,-0.237342,0.097424,0.829953,1.314363,0.488591,-0.087188,0.201898,0.521825,0.279802
1,1010.530264,31.1115,11.6694,12.5914,0,0,0,0.30187729,4.93672721,0.13484,6.67789,-0.711335,-0.21,-0.202016,0.217401,-0.129332,-0.133542,-0.094112,0.289195,-0.188466,0.090956,-0.067625,0.082208,-0.369025,-0.976868
670,15.3263,18.8346,6.86862,14.8261,0.570663532,0,0.957427108,0.831385493,13.71759198,-0.343962,7.41358,-1.24357,-0.25,0.999698,0.216064,-0.39756,0.394553,-0.541348,-1.726145,-1.338926,-0.192522,-0.127048,-0.507192,-0.773465,0.146845
5,49.60335,9.68596,3.26322,37.6496,0,0,0,0.444217145,3.52306165,0.08198,10.176,0.211712,-0.36,0.316536,0.214443,0.188768,0.238527,-0.095579,0.30901,0.19268,0.206878,0.157749,0.205911,0.23532,0.165541
402,817.4218,9.8461,8.02567,9.2072,0,0,0,0.705665529,2.97859857,-0.179963,8.07531,0.182747,-0.83,0.059901,0.303465,0.277259,0.192494,0.163876,0.624562,0.108496,-0.161377,0.140307,0.110577,-0.242346,0.382925
407,4421.9007,8.12886,2.53493,8.37325,0,0,0,0.288511723,5.80132248,0.180584,8.81244,-0.409224,-0.2,0.549704,-0.134247,-0.21259,-0.559962,-0.166346,0.51263,-0.233578,-0.391046,-0.048027,-0.229482,0.481315,0.310322
39,2192.08637,0.933772,0.32723,2.73371,0,0,0,0.824708164,1.86907763,-1.123218,7.99502,-0.409333,-0.07,0.161066,0.274054,0.265175,0.466218,-0.197432,-1.247098,0.769983,-0.750406,0.249503,0.638151,-6.643856,0.557032
28,5973.09032,1.47112,0.628823,27.2807,0.390198871,0,0,0.215832233,7.729706043,-0.444927,7.75805,1.004215,1.71,0.974213,0.959874,-1.003013,-0.765019,-0.560012,0.88956,1.076039,0.808384,0.59308,-0.602359,0.401585,-0.823365
894,836.45901,0,0,0.863823,0,0,0,0.208481908,8.9127305,1.52499,7.8678993,-1.18190522,-0.55,-0.07142251,-0.11751757,-0.02266431,-0.45371158,0.16920739,-0.51294964,-0.26270492,0.16864,0.16620192,1.15393,-1.32391182,0.74452909
1932,631.4433546,71.8359,24.5387,97.4831,0,0,0,0.598057508,27.2328624,0.103448,5.97131,0.12811,-0.05,0.203787,-0.156217,-0.25135,-0.095893,-0.079522,0.25692,0.228692,0.195246,0.075929,0.090794,-0.354929,-0.120251
1,332.65362,35.7736,6.3716,48.3478,0.477262341,0,0,0.639467537,17.84158698,-0.195274,8.18484,0.147579,-1.79,-0.206152,0.157507,0.164328,-0.106662,-0.114385,1.640821,0.331941,-0.299846,-0.11034,-0.117442,-0.291319,-1.208765
237,55.75589,8.24028,0.334088,1.51429,0.959358571,0,0,0.786468923,4.75766587,-0.287412,7.59131,-1.15777,-0.62,-0.867612,-0.487937,-6.643856,-0.157049,-0.091365,1.051036,-6.643856,-6.643856,1.235128,-0.224942,-1.883953,1.536193
376,95.26537,48.4381,143.583,8.80042,0.528331768,0,0,0.668731846,7.87963926,-1.006638,7.00571,-0.636555,-0.724699239,2.002938,1.749947,-0.417131,-1.469416,-0.290978,1.352031,2.236093,-0.880271,0.256851,0.344346,-6.292748,0.558394
38,763.76634,1.5862,0.631509,3.51689,0,0,0,0.146139458,1.98266541,-0.283032,8.1374366,-0.184993,0.24,0.315641,-0.213432,-0.396464,0.303238,0.455997,-0.452015,-0.283241,-0.23492,-0.397014,-0.410778,0.78239,-0.560303
494,815.64192,0,0,1.81143,0,0,0,0.111908376,1.98266541,-2.1774,6.87694,-1.35857906,0.62,0.10375967,-0.49105892,-0.13397369,-0.87319285,-0.15687987,-1.04307088,-0.35922718,-1.507571,-0.06055691,-1.1588606,-1.92986173,-0.0162057
392,69.86384,21.7509,12.7032,24.8907,0,0,0,0.745582581,7.92940676,-0.110449,9.43849,0.10101,-0.2,0.151851,0.155665,0.16261,-0.15088,-0.051845,0.249476,0.784135,-0.17209,-0.146485,0.081869,1.632377,0.098462
357,467.93908,26.1883153,15.6893536,30.3841843,0,0,0,0.259885359,3.8856927,0.02799774,8.42973075,-0.08457097,0.4367,-0.05218699,0.03661707,0.06493296,-0.06964689,-0.07253451,0.11244466,-0.13240818,0.02848186,0.01193326,0.02444525,-0.085507,0.07066975
62,54.21767,3.18632,3.38649,6.49847,0,0,0,0.792615056,6.84360167,-1.002876,8.415,-0.484126,-1.16,-0.687612,-0.646464,-0.929082,0.62076,-0.339807,-2.096744,-0.825796,-1.811005,-0.637136,-0.444329,-0.602514,1.353324
58,205.6394,25.0991423,15.2283249,26.8213272,0.026783934,0,0,0.242656888,4.038575055,0.01722318,5.84032,-0.07362812,0.2828,-0.00498978,0.01465593,0.07881908,-0.04729507,-0.07858564,0.13382221,-0.15687811,0.05516635,0.01342739,0.02624952,0.01768183,0.09721819
16,285.13795,8.76774,4.19988,50.052,0,0,0,0.554481149,0,0.195994,9.40594,0.220268,-0.3288,0.192276,0.609755,-0.23051,-0.104441,-0.149915,0.69532,0.570652,0.564006,-0.080457,0.142802,-0.289357,-1.404978
6192,57.9316,10.8794,0.317808,6.78989,0,0,0,0.602099478,1.79395999,0.157942,8.32507,0.625966,-2.17,-0.4078,-0.169642,-0.320199,-0.092708,-0.312334,1.400204,-0.285389,0.081332,0.141413,0.68523,0.245956,0.776371
1,10798.95885,49.21914559,29.8108051,102.5776622,0.024234741,0,0.021516297,0.493968356,6.549977961,-0.03356272,8.1300316,-0.10947653,0.2643,0.10593086,0.05333818,-0.00162236,-0.04624777,-0.03317897,0.17713504,-0.18970366,0.0460552,0.00011475,-0.0087534,0.02032901,-0.31415682