wgEncodeBroadHmmHuvecHMM.count,IPA_BP_annotation,IPA_Activity,GDI_Score,betamax,Fallopian Tube_GTExTPM,Heart - Atrial Appendage_GTExTPM,Kidney - Cortex_GTExTPM,Liver_GTExTPM,Pituitary_GTExTPM,Testis_GTExTPM,Adrenal Gland_GTExTPM,Brain - Amygdala_GTExTPM,Cells - EBV-transformed lymphocytes_GTExTPM,humanscore_Exomiser,mousescore_Exomiser,fishscore_Exomiser,HIPred,pLI_ExAC,SDI
56.0,1.0,1.0,117.11773,0.4561,18.294,7.48648,1.05469,8.69046,2.37503,0.506314,2.63463,1.91818,0.0393093,0.0,0.884429274,0.0,0.670620084,0.000700543,4.77784717
1.0,0.0,0.0,1512.78445,0.15869499999999995,895.2264784880006,3906.0768024000026,204.24824899999993,179.4414454899999,398.76920499999994,161.79080399999998,245.53231719999977,133.89493159999986,693.9127332799998,0.33792876859,0.020949426150000002,0.0,0.6234319083300002,0.3574158188782857,9.86478110850001
357.0,0.0,0.0,12.38694,-0.438,145.98326400000008,85.42125359999999,86.02691700000008,81.52185710999997,105.77342640000002,87.77936200000005,99.54109000000004,53.01391260000003,109.00477885999997,0.05997262556,0.05061590870000001,0.0,0.6246018529499999,0.522979049858343,11.473379408200001
24.0,0.0,0.0,1095.2409699999996,0.6259,222.40859600000005,86.15421699999992,90.35583000000008,101.77126999999997,165.63365500000015,94.054213,111.76877170000002,37.86965100000001,267.75302441,0.09517346854999997,0.10719157507,0.0,0.64496138891,0.4497805260893002,8.220047773200001
966.0,0.0,0.0,332.05359,0.4141,221.97685899999996,87.29693899999997,95.71010600000005,87.56611000000002,186.6066098000001,103.65172900000002,149.599636,53.36263270000001,432.9510556999997,0.13608833817999996,0.01710062852,0.0,0.6197472200999996,0.5827357642049237,9.998083084800001
162.0,0.0,0.0,371.98567,-0.2965,170.92041400000008,84.135775,85.63769500000011,82.86742170999997,116.60400560000004,86.83531820000002,98.21928100000007,49.94441719000003,131.07113510999997,0.037727842069999996,0.049612822540000004,0.0,0.6654036896200002,0.5482279517457435,9.481731496399998
290.0,0.0,0.0,0.61257,-0.2878,153.4294920000001,93.12293699999998,90.9507860000001,89.08920410999997,110.02540740000002,112.05184319999994,97.31149200000007,62.02967469000003,120.86271033999994,0.025090994699999997,0.0302365914,0.0,0.6242301434999998,0.49298384317548594,13.053991638600005
104.0,0.0,0.0,1535.52979,-0.3792,149.33104300000005,81.80904199999995,80.8550020000001,83.58169659999996,110.48146799999999,85.49206600000001,80.46363700000006,51.6050734,102.72705813999997,0.04730211315,0.038202492930000005,0.0,0.6423859885300002,0.4338482457228001,8.9903969986
6.0,0.0,0.0,2.95899,-0.3115,239.47004700000014,98.66968699999995,94.1643200000001,92.666217,167.27320380000015,152.43696699999998,140.28933319999996,63.907183000000025,430.3819911999997,0.025090994699999997,0.01377002546,0.0,0.6267961139200001,0.44794214855254305,10.369686296100001
1399.0,0.0,0.0,12.51592,0.4977,199.94012099999998,94.89375499999997,99.40158100000014,97.2423143,182.80526780000008,105.72630599999998,145.8559162,60.15233720000002,376.53419134999973,0.16171491008999997,0.01314695559,0.0,0.5951469383699997,0.5176243029328663,11.126336409700004
210.0,0.0,0.0,171.18661,-0.3834,69.657996,68.50560799999998,58.87625500000001,60.476356220000014,52.58069199999999,55.53369699999997,60.28075900000003,37.010150400000015,77.97857320000001,0.00957427108,0.11651511703000005,0.0,0.6570602059799999,0.5379316871300001,7.196585306699996
261.0,0.0,0.0,4573.515329999998,-0.4349,155.40709400000003,83.53125799999994,86.8551760000001,76.46316899999997,112.24900060000002,104.6167952,159.83817299999998,57.20149190000001,99.47326921999996,0.05381380794,0.08378672168,0.0,0.6188344564599999,0.5185048902964481,10.249537946199998
21.0,0.0,0.0,31.18816,-0.229,246.01723000000004,91.73099300000001,78.39832300000006,68.02179433000003,135.83978460000006,115.77261229999996,91.90264820000002,45.53602179000001,199.12170490899985,0.0250909947,0.0,0.0,0.146139458,0.050466464,7.1153579027000005
846.0,0.0,0.0,3024.54248,0.4032,199.743124,96.65989999999998,102.10871200000012,93.07089110999999,201.65516680000007,107.73494199999998,205.88949099999994,63.31302840000003,359.7090397599999,0.19778556609000003,0.02553471439,0.0,0.6118209300099995,0.5190061108844864,9.594307004
30.0,0.0,0.0,2440.91385,0.2594,218.40874600000004,90.50516199999997,96.15853500000009,105.59852099999995,151.4886000000001,94.43028199999999,155.73298399999985,45.2781206,211.0189354799999,0.04730211315,0.08841371074,0.0,0.6754818297,0.4715704109476003,10.7675607164
66.0,0.0,0.0,1631.49769,0.1789,197.84764600000005,95.91479899999999,96.5724970000001,101.42529799999997,129.58911800000007,112.48229999999994,100.28597900000001,54.26918600000001,217.1115587999998,0.04730211315,0.03098513016,0.0,0.6550697218900001,0.46704082893280047,8.9059168894
105.0,0.0,0.0,86.29137,0.3539,200.62208700000002,86.35075499999995,86.44602400000007,91.91353000000001,130.54732500000006,93.18013100000002,93.19094000000003,43.49010110000001,208.66558279999978,0.01857929991,0.05730843612,0.0,0.66829812815,0.5263650025413805,7.781080141400001
176.0,0.0,0.0,10.46141,-0.4437,154.6125020000001,83.69455199999997,81.47798700000008,82.23760811,110.25616240000001,86.16821500000006,92.16843700000008,52.061916500000045,116.10372265999999,0.03160268949,0.08006341783000001,0.0,0.6502376902899999,0.5688401722757431,13.879318854000001
135.0,0.0,0.0,0.31036,1.0733,198.28625099999996,97.06555199999997,97.65964200000009,103.98711541,156.70451080000012,105.28625899999999,122.3326545,55.84440460000002,266.78964858999973,0.025090994699999997,0.03501309097000001,0.0,0.62670978466,0.4946476209604661,11.873510664200003
115.0,0.0,0.0,7.54913,-0.4311,153.00270200000006,80.617582,77.15825700000008,81.624664,107.08296840000001,85.18805160000004,90.49998500000007,50.83162350000004,117.29757399999998,0.025090994699999997,0.09177528596000002,0.0,0.6640867095699998,0.5369829624557433,13.429514645
80.0,0.0,0.0,139.59497,0.5089,34.6796,7.2965300000000015,16.2436,41.5886,23.8061,7.19681,17.6493,9.65303,12.062,0.0,0.0,0.0,0.123297259,1.82643e-05,2.7312910777000026
17.0,1.0,0.0,1006.9095,-0.433,3.49419,2.92323,3.8524,0.520167,12.4842,112.341,3.1546,1.00705,0.157691,0.8162841409999999,0.930627006,0.0,0.158249199,4.6328300000000005e-18,7.94256213
269.0,1.0,0.0,62.69651999999999,-0.5859,5.08615,1.82702,3.54464,4.6432,0.807384,3.12083,2.6396,0.778696,0.209253,0.0,0.514240382,0.0,0.238498077,0.00024436900000000003,2.80622297
266.0,1.0,0.0,95.03749,0.2683,0.225416,14.5952,0.914839,0.182195,0.313522,1.23019,0.13308699999999998,3.85523,0.6053,0.0,0.5706635320000001,0.0,0.46203386366000027,0.11601350600602067,2.91936788
52.0,1.0,0.0,2513.68991,-0.3705,3.74804,3.47341,0.419869,3.4057800000000005,0.461902,0.649181,0.550471,1.16925,0.6728350000000001,0.0,0.8387322209999999,0.0,0.668925405,0.476493104,10.75900262
198.0,1.0,0.0,587.2068,-0.284,10.9731,138.197,28.7566,1007.43,27.321,10.2313,19.1442,207.478,0.15193800000000002,0.957427108,0.905486233,0.0,0.172807097,1.57429e-09,4.7137448
38.0,0.0,0.0,17.52078,-0.4952,63.1979,19.7588,23.8201,28.1895,53.6259,43.5993,32.7289,12.5824,46.2769,0.0,0.0,0.0,0.831385493,0.997816207,8.7600131
104.0,0.0,0.0,264.70005,0.3519,218.14530400000004,81.98852699999999,70.47148700000008,61.52156433000005,126.61897700000009,102.37466129999997,84.95569200000004,42.347505899999994,181.13724505899987,0.01551672362,0.00477882401,0.0,0.146139458,0.15946756,5.0619526178
98.0,0.0,0.0,722.18127,0.2755,203.75938699999998,86.06961099999995,83.80558300000006,90.456696,127.27986100000004,90.70837100000003,93.66296200000002,41.6474006,207.53333847999983,0.037727842069999996,0.08388204089999998,0.0,0.6612554837699999,0.4692996300896003,8.2795286072
465.0,0.0,0.0,611.7661,-0.3,154.7023260000001,91.21122499999996,92.61685600000014,89.71751010999995,108.66459560000001,84.11096920000004,95.37063900000004,49.06540159000001,98.17375754799995,0.05687638423,0.01782157415,0.0,0.6557828265599995,0.5373607933409432,10.637272698799995
48.0,0.0,0.0,21.64298,0.4095,209.06511099999997,85.48793999999994,86.62473300000006,90.69217330000004,129.3742410000001,90.30505600000002,93.08347200000001,43.5521426,212.33558349999979,0.01857929991,0.11237207227000003,0.0,0.6647860868199998,0.5049353378600004,8.709297172199998
159.0,0.0,0.0,1286.8759699999996,-0.4258,151.43316500000003,82.22128999999995,81.9423720000001,81.95792510999996,108.5185996,73.95790420000003,80.45781000000007,48.56771639999999,98.73386293999998,0.01857929991,0.13328914547,0.0,0.6556932125999998,0.49962945825854327,9.864806866399995
56.0,0.0,0.0,169.84402,0.6414,62.43815620000005,57.72302499999998,46.96518400000003,35.769192909999994,48.853230999999994,64.54139019999998,55.78846199999999,34.78239990000001,46.098914090000015,0.01914854216,0.02785660831,0.0,0.237914741,0.17274564399999998,5.809449706899995
27.0,0.0,0.0,11.5284,0.2613,217.51467499999998,91.06807099999995,94.5590510000001,98.16339699999999,138.3275498000001,96.28118860000004,96.36006320000004,48.574754600000006,208.0940997999999,0.034665265779999996,0.033261279340000005,0.0,0.6539742558899999,0.5127314374400005,11.610705704699999
122.0,0.0,0.0,94.57913,-0.3108,1.98378,0.313994,0.8179069999999999,0.38622,13.5439,30.3377,0.359897,2.11553,0.230484,0.0,0.0,0.0,0.219635889,4.89547e-05,1.70705006
105.0,1.0,2.0,100.43917,0.4266,5.04825,2.0908,0.533557,0.279994,0.612412,0.8377829999999999,0.240832,1.17954,0.126609,0.0,0.363622861,0.0,0.824394882,0.454891016,4.92982383
14.0,0.0,0.0,13.905829999999998,-0.2705,55.01178820000003,51.1221875,43.774651000000034,33.56234339999999,51.72611399999998,69.71832969999998,58.61347700000001,40.791812799999995,57.022449150000014,0.0,0.0,0.0,0.179693475,0.028983163,5.359970530799999
147.0,0.0,0.0,527.8302517000002,0.4225,201.83957900000004,85.198,87.70597000000006,89.328636,130.67624880000008,83.78929600000004,96.35003400000005,46.76854710000001,192.5547458999998,0.037727842069999996,0.09178515929,0.0,0.68050134099,0.5385903487433435,10.718995780099997
26.0,1.0,1.0,1533.8745199999996,0.3577,111.936,91.3071,629.226,3181.76,103.448,191.285,3543.25,1154.31,2.69857,0.0,0.578384088,0.0,0.460647643,0.034533583,25.5898132
49.0,1.0,0.0,3332.8913,0.5474,436.279,110.294,270.218,11.4668,27.6952,17.3382,30.4087,29.577,0.975289,0.0,0.557884944,0.0,0.13934290400000002,0.049925638,14.6291652
17.0,0.0,0.0,2588.6288,0.3004,0.387028,0.039397,0.123817,0.153082,0.901954,7.10049,0.042907,0.114393,0.0,0.0,0.0,0.0,0.146139458,0.039182646,1.99024055
516.0,0.0,0.0,2305.0631,-0.5586,13.7899,10.2855,12.5871,10.3198,36.2916,19.8891,8.24624,12.3718,0.796268,0.919866211,0.0,0.0,0.713784814,8.218389999999998e-07,5.85157295
229.0,0.0,0.0,162.29015,0.327,13.8663,18.9868,9.71495,25.1198,12.5933,15.6409,411.564,7.1489600000000015,2.02104,0.0,0.0,0.0,0.30087763100000003,5.09138e-07,0.0
53.0,1.0,0.0,35.43011,-0.4331,13.6358,4.43631,4.67109,4.65923,16.7378,17.3962,5.077380000000002,17.9042,38.9581,0.0,0.0,0.0,0.767620981,0.999997542,11.67800063
256.0,0.0,0.0,7.942539999999998,-0.3397,0.0,0.068652,0.0441233,0.0123188,0.07147289999999999,0.104658,0.07493939999999999,0.0,0.0855784,0.0,0.0,0.0,0.111908376,0.166948561,2.9313575465000015
34.0,0.0,0.0,463.55581,0.3715,12.8761,1.97808,2.66198,0.454302,5.81123,2.21285,0.591067,4.23468,49.6889,0.0,0.35893075700000004,0.0,0.79961127,0.337855764,12.578549699999998
14.0,1.0,0.0,2261.17843,0.2663,0.235617,0.0856405,0.101613,0.0434151,1.20793,0.793846,0.146828,0.931821,0.0564419,0.0,0.0,0.0,0.7969835999999999,0.946719308,9.78859286
49.0,0.0,0.0,974.6824133000005,-0.1845,48.3800171,26.526662900000016,24.298411200000018,18.08907385800001,45.973606999999994,67.70978680000002,42.44449,19.17120880000001,42.88163421000001,0.09230452553999999,0.00477882401,0.0,0.17792584,4.99768e-06,4.472074785599998
202.0,0.0,0.0,386.63511450000004,0.5132,181.13577300000006,88.17712499999998,93.65043900000009,97.43734771,135.7216788000001,83.24025500000005,97.82341300000006,47.135001100000025,174.40359419999987,0.037727842069999996,0.02665827654,0.0,0.6442963217199997,0.5795645902071235,10.744246667099999
241.0,0.0,0.0,530.5738801000002,-0.3624,152.3750300000001,81.39543699999999,78.21672100000009,83.69264559999993,111.82055460000001,84.18650000000004,83.16211300000008,42.542127900000025,109.57773345000001,0.01857929991,0.04257015944,0.0,0.6465215079799996,0.5297606944276003,7.829882411499997
528.0,1.0,1.0,5.07717,0.3445,0.05936180000000001,0.0275618,0.0376693,0.0,0.14941500000000002,1.35608,0.0314759,3.1571700000000003,0.0,0.0,0.0,0.0,0.8366215229999999,0.775375974,0.0
22.0,1.0,0.0,257.23512,1.2559,6.48269,11.0358,1.1799,0.202653,8.294139999999999,4.61596,0.91873,2.27168,0.031055400000000007,0.0,0.499434067,0.0,0.693781972,0.999998433,6.87689431
662.0,1.0,1.0,728.73949,0.5555,4.79846,0.5470189999999999,1.40566,0.917359,11.1441,3.00258,8.35908,0.91449,0.730862,0.9005028829999999,0.49080455,0.0,0.6933863159999999,1.0,3.74177141
64.0,1.0,1.0,590.52071,-0.4331,3.49425,8.652999999999999,3.2298400000000003,0.339362,16.2288,14.7574,0.500165,2.54225,0.12676800000000002,0.0,0.512173321,0.0,0.622939706,0.999693297,1.90066426
1.0,1.0,1.0,766.55161,0.092014,13.9779,8.75035,1.75555,2.14918,23.9603,1.93115,4.67696,4.13319,1.7634900000000002,0.0,0.5706635320000001,0.0,0.602114379,0.001820338,3.49140794
65.0,1.0,1.0,22.57919,0.2241,0.5717439999999999,0.162043,0.529291,0.0361896,2.22282,3.741330000000001,0.424746,2.41066,3.22076,0.0,0.0,0.0,0.638582647,0.011363582,3.8518009
21.0,0.0,0.0,1301.92267,0.3745,0.275553,28.8645,0.758959,2.36737,54.1038,2.557,0.278357,38.9539,0.183398,0.0,0.431381082,0.0,0.736296356,0.468620194,9.88779187
149.0,0.0,0.0,1917.48114,-0.3541,24.9937,5.49164,8.744860000000001,4.27798,28.27,27.4466,12.9917,5.38834,5.59133,0.0,0.396248826,0.0,0.669261694,0.003193956,5.52376604
109.0,0.0,0.0,804.1747799999998,0.4873,63.4628,74.99,27.534,21.3231,39.0108,59.966,40.0837,8.586960000000001,39.3169,0.0,0.0,0.0,0.429466158,1.55576e-06,2.93496915
155.0,1.0,0.0,11.5877,0.1871,264.664,126.378,4.81265,4.9088699999999985,6.35668,21.4049,6.28175,4.26531,3.89939,0.869202136,0.788155246,0.0,0.7691657540000001,0.018707972,23.41984427
41.0,1.0,1.0,1294.94009,-0.4295,13.4,1.6606599999999998,4.17825,0.413393,42.1044,96.3852,26.6844,7.35814,16.0634,0.0,0.0,0.0,0.186891869,1.16806e-05,3.9186492397999984
211.0,0.0,0.0,435.3805200000001,-0.4933,0.143568,0.0250122,0.0202853,0.0103568,1.0724,1.01452,0.0973834,6.25615,0.0,0.0,0.5283317679999999,0.0,0.4210123120000001,9.67009e-05,1.98266541
1166.0,0.0,0.0,11.550999999999998,0.467,19.865,27.3795,17.8658,25.7132,40.9923,5.1755900000000015,27.445,13.8482,5.42097,0.957427108,0.0,0.0,0.830946863,0.238186362,8.79295894
15.0,0.0,0.0,19.37612,-0.2075,0.453172,0.164609,0.115444,0.122681,0.229788,0.454875,0.32263000000000003,0.0360517,1.87789,0.0,0.0,0.0,0.111908376,0.000639118,1.98266541
81.0,0.0,0.0,656.55651,0.373,9.05461,2.63192,2.59026,1.9184,5.2693900000000005,7.48491,3.68508,1.72363,12.3475,0.0,0.0,0.0,0.488307536,0.577650481,4.70997211
30.0,0.0,0.0,899.40808,0.3491,250.708,74.7343,59.5473,54.2047,127.376,73.9433,65.3594,12.3837,228.969,0.0,0.0,0.0,0.581228554,0.027202551,8.44786072
280.0,0.0,0.0,36.30666,0.5709,20.2885,7.9695,11.0944,19.4902,24.9136,119.375,30.3638,21.8036,23.6826,0.0,0.0,0.0,0.72829324,0.7870881470000001,0.0
18.0,1.0,1.0,371.5394,0.3012,27.3258,10.8362,10.4996,8.4081,35.3001,38.8683,17.9895,14.2754,18.5344,0.0,0.0,0.0,0.575333595,0.163974191,2.93429059
1.0,1.0,1.0,1257.0747199999996,-0.036984,1.28977,0.453873,40.9531,0.0989349,29.3917,10.7573,2.67652,0.100634,0.32817,0.0,0.853179975,0.0,0.13934290400000002,2.74928e-14,2.89489364
61.0,0.0,0.0,702.63417,-0.5387,11.4287,4.89891,3.20618,2.6642900000000003,10.7832,14.5914,6.68595,3.66137,6.25185,0.0,0.5040940970000001,0.0,0.757599056,0.998479651,6.46145605
8.0,0.0,0.0,13.65731,0.1981,2.02509,0.6608649999999999,1.3848200000000002,0.493971,1.23707,3.61168,4.6626699999999985,1.64451,0.537801,0.0,0.0,0.0,0.28995356,0.34722931700000004,1.96195718
66.0,0.0,0.0,215.89598,-0.2298,1.94545,0.52079,0.407144,0.5664399999999999,0.8398049999999999,4.20784,0.86415,0.8207260000000001,1.44676,0.0,0.0,0.0,0.26269474600000003,0.000349252,3.94830677
84.0,0.0,0.0,1311.19681,-0.175,0.07495,0.0,0.0,0.0,0.0270056,7.00215,0.0,0.0191211,0.0,0.01851508076,0.004313810820000001,0.0,0.13418486036000016,0.008853731181748434,1.8037538931999995
1.0,0.0,0.0,840.47456,0.15319399999999994,894.0038384880006,3045.199066300001,204.49666899999994,175.1111174899999,401.26420499999995,160.08622899999997,241.3800771999998,131.92751359999986,683.4055347799997,0.32835449751,0.012321804510000001,0.0,0.6144236591400003,0.3422973047982855,9.359569249800007
62.0,0.0,0.0,179.81605,-0.1597,158.11304200000004,85.74144199999994,83.6664320000001,84.79836399999996,110.18721699999998,91.07554119999999,89.79393900000007,44.19448519,110.31487201,0.02618815901,0.09924467793000001,0.0,0.65938178272,0.4991066848776003,8.407774201899997
1.0,0.0,0.0,5.42256,0.05168000000000001,25.38,12.0586,6.6971,0.7440319999999999,8.88177,7.89733,11.8108,4.35124,0.465871,0.0,0.0,0.0,0.396258533,0.138254694,1.70705006
65.0,0.0,0.0,10.25364,-0.5576,161.934,54.2835,43.2705,33.9225,82.0465,62.6791,105.393,44.9305,72.8449,0.0,0.3896259620000001,0.0,0.7829608920000001,0.99981275,37.57141285
55.0,1.0,0.0,350.77826,-0.5502,0.536007,0.0548498,0.22845,0.19893,0.265705,6.4103,4787.34,0.0386169,0.0788225,0.957427108,0.930627006,0.0,0.132359073,0.0014339320000000002,1.6697435
17.0,0.0,0.0,295.69785,-0.3979,0.0,0.0,0.0,0.00948479,0.0,0.191225,89.3696,0.0,0.0,0.957427108,0.826392613,0.0,0.111908376,3.9271799999999997e-13,1.6697435
606.0,0.0,0.0,8.73654,0.4083,2.2445,0.325463,4.719519999999998,1.95006,0.924255,14.5682,6921.5,0.45048,0.120849,0.957427108,0.0,0.0,0.30910086600000003,0.035030608,3.92083295
2317.0,0.0,0.0,141.56503,-0.7345,0.039560000000000005,0.0,0.029755,71.5396,0.014306799999999996,0.105563,0.0128524,0.0,0.0593256,0.0,0.0,0.0,0.111908376,3.28541e-10,2.89366853
224.0,0.0,0.0,2760.21963,-0.324,3.22191,0.491444,2.80251,17.4681,2.44539,0.987103,1673.18,0.73397,0.0880692,0.957427108,0.0,0.0,0.506795704,0.6723067309999999,1.96359409
212.0,0.0,0.0,378.83872,0.3776,0.0,0.0,0.0226458,13.2527,0.0,0.0750059,0.0,0.0,0.0,0.0,0.0,0.0,0.111908376,2.53769e-10,3.866916
282.0,0.0,0.0,21.66294,-0.28300000000000003,32.1368,8.80305,25.1763,7.430439999999999,43.4933,125.666,29.6193,10.9072,26.3634,0.0,0.0,0.0,0.17792584,1.84814e-05,4.022204389299998
109.0,1.0,0.0,637.88987,0.3188,1.00974,0.514072,1.1002,23.5694,2.61192,0.659191,2.85355,0.364796,0.06870989999999999,0.651169479,0.0,0.0,0.390099078,2.54161e-06,12.63081829
1.0,1.0,1.0,77.4528,0.03706600000000001,19.2484,5.08619,47.3361,37.0926,18.5242,28.5401,33.4202,88.1268,0.2433,0.0,0.8876880629999999,0.0,0.591572225,0.16827687300000002,1.99992492
48.0,0.0,0.0,8.97171,0.7071,0.0,0.0,0.0,0.0,0.0,0.0,0.0,0.0,0.0,0.01218919694,0.01967015997,0.0,0.123297259,0.157398012,1.579066319799999
74.0,0.0,0.0,139.19509,-0.459,155.02858200000009,81.393501,75.93065000000007,85.97077899999996,108.70229399999997,85.63749320000001,84.13785500000007,43.19943400000001,109.85095411,0.028153570989999998,0.13646745221,0.0,0.6652322963300001,0.5140447310976001,7.228536834399997
1396.0,0.0,0.0,796.35554,-0.5314,200.34815900000004,81.76212759999994,94.11920300000007,77.69928200000003,177.17782080000003,101.41787520000001,142.954799,53.94450970000002,393.4086427999997,0.13640755030999996,0.10936035901,0.0,0.5952438061499997,0.5364511989664292,12.290162549500002
30.0,0.0,0.0,0.63842,0.3811,1.08495,0.430387,0.16623,0.0872401,1.29128,0.7944760000000001,0.369551,0.0999979,1.03867,0.0,0.0,0.0,0.43813928745999986,0.21234170621621498,2.7897556888
672.0,0.0,0.0,499.50349000000006,-0.7297,1.42652,0.153521,145.626,0.191411,0.582014,110.288,1.91296,0.0592308,0.0657459,0.0,0.0,0.0,0.146139458,0.00013649299999999998,8.91291128
2.0,0.0,0.0,4755.607520000001,-0.1857,9.40431,47.0164,14.038,21.3464,14.7673,3.21316,16.141,1.2795,0.295742,0.0,0.528793336,0.0,0.7471313479999999,0.999901543,12.88289324
192.0,1.0,1.0,218.27707,-0.3435,922.405,314.747,249.783,422.046,564.847,135.061,246.629,56.2714,8.24415,0.0,0.913254607,0.0,0.8485682609999999,0.020500202,1.86907763
765.0,1.0,0.0,747.20557,0.638,17.5142,5.8782,7.7496800000000015,1.5290700000000002,2.08775,7.74557,2.28856,7.06498,10.8395,0.0,0.8876880629999999,0.0,0.449802697,0.081020067,6.87802251
94.0,1.0,1.0,6.5613600000000005,0.2822,43.6706,19.5755,2.69036,1.03118,4.52835,6.46399,3.43355,1.21917,0.108652,0.0,0.0,0.0,0.8000363109999999,0.986016088,1.74820254
14.0,0.0,0.0,250.99535,-0.7151,7.240639999999999,4.39174,5.75531,9.39784,8.65442,10.3093,8.83226,1.15878,11.9262,0.0,0.0,0.0,0.743839204,0.062109871,10.79296239
234.0,0.0,0.0,741.13732,0.5378,0.0,0.0,0.0,0.0,0.0,0.100667,0.0,0.0,0.0,0.0,0.0,0.0,0.12181152460000004,0.08006996926107983,0.0
257.0,1.0,0.0,148.46268999999995,-0.4592,43.2436,0.715569,0.7753180000000001,3.52714,5.81573,2.73794,1.06957,0.118863,0.112573,0.0,0.514240382,0.0,0.762403488,0.987167021,11.79347495
108.0,0.0,0.0,15.970479999999998,0.1941,0.15137,2.52412,3.65147,0.06452909999999999,1.47278,0.453519,2.4038,0.776255,0.00470666,0.0,0.513919247,0.0,0.824708164,0.93661121,0.0
108.0,1.0,0.0,1350.01732,0.4863,0.11964,0.0563038,0.07340219999999999,599.629,0.161261,1.3894799999999998,0.0388778,0.0608626,0.0281983,0.0,0.494209116,0.0,0.6347865460000001,0.959943188,7.86340488
71.0,0.0,0.0,107.00427,-0.5613,32.0732,10.6607,8.08925,14.0175,7.7919100000000014,8.67099,9.04845,3.25868,8.62371,0.0,0.465192662,0.0,0.705665529,2.7739e-05,6.70564693
20.0,0.0,0.0,265.4958,0.2923,0.0365695,0.0,0.0992895,0.0,0.052651,0.0450065,0.0,0.0101786,0.00537177,0.0,0.0,0.0,0.69255507,4.31893e-05,2.89203741
10.0,0.0,0.0,70.2485,0.3287,38.967,16.2783,12.9212,9.67615,26.7214,78.0878,30.1144,14.7972,79.6665,0.0,0.0,0.0,0.715512335,0.600789667,1.12427871
358.0,0.0,0.0,1.92553,0.4922,170.2746710000001,92.23218199999998,100.1916900000001,140.13495340999992,129.3731788000001,103.662238,96.82924150000007,59.850325600000005,174.3111217899999,0.06954689664,0.025920456140000003,0.0,0.6371982914799997,0.49338551190046603,13.817412351900007
81.0,0.0,0.0,98.07425,0.2472,8.019260000000001,3.3008,2.32029,1.44702,8.28389,2.52139,8.078560000000001,4.75062,4.71884,0.0,0.0,0.0,0.38356629,0.011344576,2.19615612
61.0,0.0,0.0,1567.59549,-0.8276,132.658,32.829,21.291,4.16766,75.8852,23.8362,34.4484,131.07399999999998,4.09661,0.0,0.0,0.0,0.630912066,0.999969901,8.84810219
184.0,0.0,0.0,2249.29606,-0.235,57.4669,7.5895199999999985,13.7062,0.621733,14.4716,6.18994,2.94125,1.57819,0.0550476,0.0,0.5646668979999999,0.0,0.836875796,0.97976209,2.75424746
147.0,0.0,0.0,9.29304,0.2265,1.10129,3.12271,0.153421,0.98202,34.5013,0.902858,0.144547,2.10417,0.042911800000000014,0.0,0.0,0.0,0.7484053970000001,0.204306173,2.80882657
26.0,1.0,2.0,58.06389,0.5164,0.0,0.0554232,0.0,8.26487,0.0,0.129494,0.0,0.0,0.0,0.609459847,0.0,0.0,0.295108467,0.086007141,3.85244898
247.0,0.0,0.0,415.38531,-0.4044,0.0,0.0,0.0,0.0,0.0,0.84196,0.0,0.0,0.0,0.0,0.0,0.0,0.123297259,0.162839345,4.95013216
17.0,0.0,0.0,1766.0938600000004,-0.1996,5.26264,9.32876,0.906492,0.321825,0.5927899999999999,0.5040479999999999,0.332615,0.994459,23.7693,0.0,0.0,0.0,0.238498077,2.54083e-22,1.98266541
187.0,0.0,0.0,29.873240000000006,-0.8326,53.37300000000001,48.5423,18.714,2.1737,39.9564,35.6586,439.809,227.139,0.356516,0.9005028829999999,0.5706635320000001,0.0,0.833060265,0.21554685,24.59899632
29.0,1.0,2.0,290.01884,0.2409,210.185,194.798,109.573,56.1306,1324.37,118.222,230.051,281.891,234.501,0.957427108,0.0,0.0,0.7039938570000001,0.999540082,5.98324176
1.0,0.0,0.0,114.40031,0.097412,1.92197,2.9436400000000003,1.00348,0.07364730000000001,5.89264,0.5954510000000001,0.4831180000000001,1.89293,0.5616680000000001,0.0,0.0,0.0,0.458951801,0.020935797,1.97547522
297.0,1.0,1.0,41.83799000000001,-0.8064,0.0213295,0.00550971,0.0193851,0.0164392,0.05927919999999999,0.631728,0.00744376,2.04687,0.00334462,0.0,0.0,0.0,0.778094649,0.999994896,10.67917885
467.0,0.0,0.0,199.89032,0.3888,8.405339999999999,8.44484,3.63738,1.4871299999999998,5.6100900000000005,0.803821,1.88244,3.23413,2.24228,0.12427767761999998,0.08417014959,0.0,0.593201816,1.41369e-06,4.625472124199999
155.0,0.0,0.0,41.67691,0.4123,16.8543,8.702580000000001,7.0522300000000016,2.82645,9.7685,2.78732,2.20439,21.5107,14.9786,0.00957427108,0.050417230029999996,0.0,0.636561334,0.000916634,5.435997049399999
12.0,0.0,0.0,13.11329,-0.2142,309.0512730000001,114.330989805,95.89424600000008,93.63368992000001,216.19933120000007,166.14764,221.8006312,59.93137980000003,503.13903254899975,0.0,0.0,0.0,0.146139458,0.026229492000000004,0.0
49.0,0.0,0.0,796.87118,0.2219,5.67733,2.2451,2.0836900000000003,3.24452,1.3168,1.55111,8.81602,0.7686029999999999,2.41589,0.0,0.0,0.0,0.146511853,8.49697e-07,12.72102078
10.0,0.0,0.0,16291.104180000002,0.2636,1503.69,513.8430000000002,961.497,467.872,721.047,392.794,1025.54,191.086,5071.19,0.869202136,0.0,0.0,0.328141659,0.002664635,10.54543118
75.0,1.0,2.0,16622.23863,0.2096,13.2878,3.10347,10.6634,1.90703,9.84807,2.00496,5.77745,1.30947,456.036,0.0,0.0,0.0,0.186891869,0.16662533,12.35448238
194.0,0.0,0.0,116.32725,0.4063,337.884,87.9334,236.878,44.6309,159.89700000000005,43.6598,257.911,49.9007,4319.57,0.0,0.0,0.0,0.356269389,0.70016489,14.48467393
286.0,1.0,1.0,91.19342,0.5011,7.32477,0.645733,0.931263,0.06285489999999999,0.5753159999999999,0.953955,0.612625,2.35501,0.0173163,0.0,0.0,0.0,0.196595117,0.001561168,3.93670914
311.0,0.0,0.0,1907.06868,-0.3337,78.6648,94.008,127.645,119.114,108.388,42.5554,43.4277,44.8875,10.9321,0.0,0.0,0.0,0.63378968741,0.3868655420743808,21.50009141
2063.0,0.0,0.0,2435.22546,0.3317,4.93633,1.05091,1.09584,0.71549,3.45595,164.327,2.17879,2.48279,2.32603,0.0,0.0,0.0,0.39679274,2.19041e-06,6.86005273
43.0,0.0,0.0,307.12317,0.4035,46.2009,27.4802,20.2703,17.3389,50.8541,92.3215,49.9197,23.0904,106.24,0.0,0.0,0.0,0.852899194,0.999958226,2.97639148
227.0,0.0,0.0,120.59949,0.5009,0.126865,0.0206879,0.0122753,0.0,0.283548,0.648295,0.017507599999999998,0.567062,0.0314624,0.0,0.0,0.0,0.494588822,0.813006425,2.91372116
109.0,0.0,0.0,168.09506000000005,0.4371,0.0818392,0.8498319999999999,0.00601563,0.0171578,0.8584370000000001,0.071949,0.202978,0.06627310000000003,0.00949186,0.0,0.0,0.0,0.72905165,0.6487875129999999,5.91668299
178.0,0.0,0.0,40.46933,0.5471,45.8872,103.698,126.928,184.723,26.7542,8.38843,10.718,59.8587,186.006,0.0,0.0,0.0,0.6853213909999999,0.376558105,4.60912048
30.0,1.0,0.0,98.37812,0.4175,13.6169,4.8623400000000006,0.6354449999999999,13.8385,0.591827,4.86163,3.36797,0.239381,14.241,0.0,0.8308635740000001,0.0,0.804062724,0.469523496,6.8125021
26.0,0.0,0.0,2102.84042,0.2496,198.138,117.531,25.7585,143.431,103.351,10.23,5.46672,4.47816,0.353955,0.0,0.0,0.0,0.79961127,0.362251902,5.7405052
1210.0,1.0,2.0,133.86335,0.4516,13.581,5.28138,1.0078200000000002,0.22322,5.7234,0.625845,1.13151,0.614841,0.247947,0.0,0.549225289,0.0,0.401833534,0.289669117,3.9639913
39.0,1.0,1.0,971.5298,-0.3997,20.7015,12.0884,3.30873,14.8659,40.47,8.06532,24.9679,11.2399,0.463576,0.0,0.742183659,0.0,0.59864907535,0.3304652203643603,2.98297969
181.0,0.0,0.0,3832.69791,-0.389,4.7763,1.6813900000000002,0.755834,0.365726,5.29016,10.4741,0.387294,0.98881,0.196568,0.0,0.472965166,0.0,0.7233242990000001,4.07385e-05,7.94127642
17.0,0.0,0.0,1818.89628,0.3241,50.9151,46.2352,39.4403,28.863000000000003,31.1453,19.041,32.6503,11.5828,1.02111,0.0,0.0,0.0,0.705665529,0.000480019,7.90802953
167.0,0.0,0.0,537.31129,-0.4961,57.4689,17.3389,11.7313,3.15198,12.3037,7.95499,6.7145899999999985,6.16671,5.94623,0.0,0.494209116,0.0,0.824708164,0.999999616,5.85644216
24.0,0.0,0.0,123.58507,0.1733,7.486910000000001,0.235032,0.14673,0.805148,3.86749,0.7903680000000001,0.120658,4.01577,0.0342439,0.0,0.0,0.0,0.7285507920000001,0.98258787,11.69182943
521.0,0.0,0.0,913.18144,-0.4321,3.74621,0.792808,3.09145,0.244868,53.5812,8.005560000000001,3.39632,60.7794,0.871866,0.0,0.442034071,0.0,0.714798927,0.999889995,3.81588039
32.0,0.0,0.0,71.76069,0.2634,0.484081,0.125635,0.0737803,0.0322178,0.543503,0.8568969999999999,0.262734,0.442711,0.585553,0.0,0.0,0.0,0.7743014690000001,0.999978751,3.75626441
61.0,1.0,0.0,173.55232,0.4484,0.790484,7.86672,1.7699,0.604791,10.7255,1.13664,0.593442,3.50589,0.300937,0.0,0.8553976209999999,0.0,0.714407027,0.31472413,14.76606971
39.0,0.0,0.0,532.76648,-0.2262,6.15963,1.31272,0.967893,0.133124,4.0018400000000005,4.13522,2.30117,0.165712,0.0113507,0.0,0.0,0.0,0.369423717,0.106847942,1.74820254
1000.0,1.0,0.0,11.36951,-0.2937,7.77762,10.9598,2.50238,0.279457,12.9208,0.812116,248.278,1.88627,0.0314508,0.615881762,0.0,0.0,0.47738692835999996,0.28243288938984035,2.92856602
113.0,1.0,1.0,5.61975,0.5171,0.0808569,0.0167476,0.032694,0.0,1.21034,0.177921,0.217494,0.782834,0.059083400000000015,0.0,0.0,0.0,0.565498233,0.126993746,2.92012308
53.0,0.0,0.0,200.0252,-0.2653,0.19302,0.103893,0.0366133,0.0303408,0.203706,0.481007,0.053123800000000006,2.79068,12.3533,0.0,0.0,0.0,0.7169443959999999,0.999535087,4.77313532
61.0,0.0,0.0,22.58422,0.3521,76.3724,20.852,20.9196,15.4088,78.1255,194.016,44.8151,17.8441,96.3996,0.0,0.0,0.0,0.745582581,0.991027965,6.70370701
958.0,0.0,0.0,5734.22375,-0.4264,32.6971,13.0445,13.4877,9.31893,40.1291,39.3658,14.7666,4.37036,25.2173,0.0,0.0,0.0,0.571837127,0.999994425,3.35283215
32.0,0.0,0.0,2694.09373,-0.194,0.0,0.0,0.0,0.0,0.0,0.177636,0.0,0.0,0.0,0.0,0.0,0.0,0.111908376,0.017072106,1.98841355
88.0,0.0,0.0,50.28346,0.3964,0.0,0.0,0.0,0.0,0.0,0.0,0.0,0.0,0.0,0.0,0.0,0.0,0.123297259,0.023274211,1.98717466
101.0,0.0,0.0,160.69859,-0.2458,0.0,0.0,0.0,0.0,0.0,0.103706,0.0,0.0,0.0,0.0,0.0,0.0,0.123297259,0.5328569120000001,1.98717466
170.0,0.0,0.0,370.17865,0.3065,0.0,0.0,0.0,0.0,0.0,0.0,0.0,0.0,0.0,0.0,0.0,0.0,0.111908376,0.00547083,1.98841355
28.0,1.0,0.0,654.0999400000002,-0.4081,49.6503,12.7385,8.65821,22.6645,9.28987,7.04122,91.7779,3.56167,31.6294,0.957427108,0.0,0.0,0.485596061,2.59266e-16,20.630263
27.0,0.0,0.0,1102.81114,-0.2385,229.93581500000005,85.06768099999998,74.66218500000008,69.61738504000003,140.80483940000002,115.79182829999998,82.64345520000006,39.043464189999995,175.20988110899995,0.0,0.0,0.0,0.132359073,0.002925351,4.52859362
46.0,0.0,0.0,175.30019,-0.272,13.2231,6.0925400000000005,7.49337,2.36997,21.9637,31.1575,12.2942,42.8476,57.5145,0.76088591,0.0,0.0,0.824708164,0.990896287,6.91609969
6437.0,0.0,0.0,7952.876940000001,0.6727,80.3908,88.5586,27.9862,14.8307,33.3311,68.1228,27.3248,88.4649,52.8438,0.0,0.0,0.0,0.273053437,0.998848724,9.68123578
51.0,0.0,0.0,121.12067,0.5027,36.7942,8.60647,10.6195,3.95268,19.0578,37.4156,25.8656,4.60796,10.6448,0.0,0.477882401,0.0,0.654942453,0.232913565,4.52819492
862.0,0.0,0.0,48.85088,-0.5253,27.1536,20.1719,17.0428,10.9226,17.0492,36.5321,36.3519,22.017,64.1688,0.0,0.465944823,0.0,0.824708164,0.999736598,6.61160851
325.0,0.0,0.0,4302.22642,0.4471,1.79092,2.8254,7.07255,0.261872,51.9157,7.675089999999999,0.874616,74.5906,0.104208,0.0,0.0,0.0,0.565020561,4.68265e-05,27.47563542
34.0,1.0,0.0,40.92143,-0.3182,237.898,97.9472,82.7396,108.978,143.494,89.6183,153.66,43.0531,246.511,0.0,0.0,0.0,0.700975537,0.950092967,9.69401325
1167.0,0.0,0.0,4.23961,0.6824,147.746,10.1845,6.28383,1.80633,223.191,16.9054,47.2146,7.44232,3.75173,0.0,0.0,0.0,0.7671471240000001,0.022432784,2.93755893
50.0,0.0,0.0,3.5306800000000003,-0.6337,155.41324600000004,83.67444999999994,81.06968200000009,79.421945,108.96083960000001,104.58542579999998,96.43081900000004,54.02954050000004,116.03680699999995,0.06301247005,0.11710423114000001,0.0,0.6320456277000001,0.49571384038680016,17.4607244592
45.0,0.0,0.0,1715.16552,-0.3807,27.3257,18.0085,9.69034,9.20037,33.386,44.4973,18.9527,9.24029,48.5219,0.0,0.0,0.0,0.6505452389999999,0.7395783109999999,8.26567547
1040.0,1.0,0.0,140.44703,-0.3382,1.57504,0.573395,37.7336,5.8127,0.501727,0.921413,0.206853,0.0896445,0.0780681,0.0,0.0,0.0,0.743839204,2.19309e-08,12.90950108
712.0,0.0,0.0,264.93653,-0.2642,0.34928200000000004,0.206185,0.104454,0.0398599,0.28517600000000004,1.47414,0.119206,0.174319,0.0381268,0.8940809679999999,0.395367293,0.0,0.597733259,1.43928e-06,5.8717989
1.0,1.0,0.0,4524.99996,-0.13843099999999992,14.8533,14.7015,8.27033,4.96152,20.1781,15.5602,9.64992,4.17946,8.690389999999999,0.0,0.0,0.0,0.37917918,2.45516e-07,1.99733796
21.0,1.0,2.0,324.5184,-0.1934,0.0,0.0,0.0,0.0,0.0,0.658488,0.0,0.00904824,0.0,0.0,0.0,0.0,0.5017508860000001,0.00870273,1.74820254
58.0,0.0,0.0,1618.50988,0.505,0.0,0.0,0.0,0.0,0.0,0.0,0.0930855,0.0,0.0,0.0,0.0,0.0,0.13264424054000007,0.027715727325299984,1.99932516
57.0,0.0,0.0,4.81382,-0.4319,0.0888322,0.161113,0.180673,0.101044,0.08124400000000001,0.131827,0.153384,0.481583,0.07650219999999999,0.0,0.0,0.0,0.34484878116000006,0.19534792181407987,1.9940426
1.0,1.0,0.0,5098.77916,0.026206999999999977,0.0888147,4609.46,0.175347,0.169688,5.64919,0.428808,0.300026,0.322459,0.483849,0.0,0.5585722710000001,0.0,0.495365709,1.27599e-17,7.02337534
1.0,0.0,0.0,108.56923,0.113204,0.18153,592.177,0.34738,0.496362,3.03324,2.69373,0.672952,1.40899,1.02557,0.957427108,0.0,0.0,0.631864309,0.000145766,5.87436508
31.0,0.0,0.0,2287.01575,-0.17800000000000002,2.9403200000000003,49.4178,0.987793,0.619648,4.1206,32.7457,0.611083,4.141780000000002,0.410157,0.0,0.0,0.0,0.7815916540000001,1.33081e-23,2.98610432
40.0,0.0,0.0,547.26349,-0.3687,39.4992,15.9081,10.2196,11.9914,26.0401,81.3088,29.945,13.4555,105.092,0.0,0.0,0.0,0.7920728920000001,0.999998877,7.54165982
784.0,0.0,0.0,3780.70014,0.5874,0.0,0.0,0.0,0.0,0.292167,1.5169700000000002,0.0,0.0,0.0,0.0,0.0,0.0,0.111908376,0.087453851,0.0
37.0,0.0,0.0,11.36697,-0.4375,50.4535,46.4213,52.029,39.1901,61.6546,79.8628,70.5451,44.6516,83.4268,0.0,0.0,0.0,0.432313383,0.339536516,2.00140612
256.0,0.0,0.0,27.09868,-0.4045,37.3734,41.2143,36.7924,28.5577,54.4568,48.6447,54.8533,41.1691,62.5508,0.0,0.0,0.0,0.320700407,0.047137034,5.62602042
102.0,1.0,1.0,42.02222,0.3845,2.24275,5.9425,12.514,2.45612,16.2123,4.1627,5.594530000000002,5.34008,3.8322,0.0,0.899703515,0.0,0.824708164,0.999966646,7.68047773
656.0,0.0,0.0,133.06333,-0.5093,0.0,0.0,0.0,0.0,15.6431,1.11565,0.00887582,0.0,0.0,0.0,0.0,0.0,0.444330692,0.14055261900000002,0.0
32.0,1.0,0.0,363.12652,0.2836,13.4901,8.83257,5.76301,1.8293,8.49258,13.1943,4.97365,2.08454,0.235102,0.957427108,0.882196062,0.0,0.636561334,2.21161e-05,9.79939448
52.0,0.0,0.0,203.86765,0.3503,3.40164,0.758369,1.17542,1.0965200000000002,2.14771,4.39466,0.829499,0.8842479999999999,1.4108,0.0,0.0,0.0,0.3204452840600001,0.020253450992634318,1.99992573
1.0,1.0,0.0,1308.42229,0.12023299999999998,2.0292,28754.0,1.19891,1.3644,5.93242,13.3073,1.80967,2.71046,2.2944400000000003,0.0,0.89609491,0.0,0.244530007,0.016931635,6.90823393
1.0,1.0,2.0,41.12591,0.021943000000000025,0.14807,1639.56,0.113773,0.114646,0.514502,0.583287,0.158882,0.224174,0.120796,0.0,0.0,0.0,0.181705475,0.00038006,2.83811816
45.0,1.0,0.0,1510.90255,0.2257,90.994,16.8415,36.43,2.39363,8.673639999999999,3.86741,14.0193,0.802801,3.70879,0.0,0.932800606,0.0,0.711480618,0.00017250900000000002,3.98295932
39.0,1.0,0.0,1772.5294399999998,0.5137,2.52281,5.50333,11.0834,1.30813,0.339425,0.99814,2.84903,0.223057,0.0465167,0.0,0.853179975,0.0,0.622939706,0.003099263,3.99033126
305.0,0.0,0.0,3330.11414,-0.3613,13.5656,7.329460000000001,30.3739,0.755957,7.11795,4.84516,57.0004,17.1414,17.1921,0.0,0.0,0.0,0.575230479,4.52405e-11,3.8377306
257.0,0.0,0.0,7029.68062,-0.4635,0.30181,0.442168,1.19746,1.00514,2.24661,2.34743,0.198314,0.358242,0.00389043,0.0,0.5457224070000001,0.0,0.653915465,0.947798762,10.93726445
74.0,0.0,0.0,1330.90849,-0.1726,13.6071,3.67448,3.92661,5.17312,4.7245,7.69615,10.4093,1.71615,5.46974,0.0,0.0,0.0,0.762403488,0.991172158,4.62651381
80.0,0.0,0.0,602.6159299999998,-0.3719,39.2225,11.4747,13.3721,7.496689999999999,31.1934,44.0492,24.128,10.4022,39.088,0.0,0.0,0.0,0.638582647,0.052197863,0.0
650.0,1.0,0.0,4347.97507,-0.2948,19.77,13.3981,4.43272,6.780810000000002,36.0331,29.5574,10.2877,4.5514199999999985,8.55087,0.0,0.431381082,0.0,0.229989916,8.589880000000001e-08,7.6323214
71.0,0.0,0.0,8.43166,-0.3434,1.97616,0.964769,0.406641,0.524384,1.8037,1.47809,0.962661,0.143568,2.10745,0.0,0.0,0.0,0.146139458,0.017329038999999997,2.755958061900001
19.0,1.0,0.0,2304.1461,0.2505,0.00719869,0.0,0.0,0.0,0.014081,2.53345,0.0,0.0319983,0.0,0.0,0.0,0.0,0.45271197,4.20778e-05,14.75014718
998.0,0.0,0.0,1919.79326,-0.5045,0.0,0.0,0.0,0.0,0.0,0.0283906,0.0,0.0,0.0,0.0,0.0,0.0,0.111908376,0.007138451999999998,0.0
19.0,0.0,0.0,1835.21965,-0.2854,0.0,0.0,0.0,0.0,0.0,16.648,0.0,0.0,0.0,0.0,0.0,0.0,0.170125708,1.5923e-08,1.74820254
110.0,0.0,0.0,10099.65241,-0.4135,0.0,0.0,0.0,0.0,0.0,0.0,0.0,0.0,0.0,0.0,0.0,0.0,0.146139458,0.044375651,0.0
1.0,0.0,0.0,2713.21922,-0.09217999999999998,0.0,0.0,0.0,0.0,0.0,0.0654694,0.0,0.0,0.0,0.0,0.0,0.0,0.25535503,0.712159403,0.0
95.0,0.0,0.0,118.03568,0.3936,0.0,0.0,0.0,0.0,0.0,0.0,0.0,0.0,0.0,0.0,0.0,0.0,0.123297259,0.015283314,0.0
19.0,0.0,0.0,650.65007,-0.1345,0.0720918,0.0,0.0,0.0,0.111567,2.02284,0.0,0.12545499999999998,0.0,0.0,0.0,0.0,0.111908376,0.001867748,0.0
178.0,0.0,0.0,2290.45899,0.5922,0.0561926,0.0,0.0,0.0,0.196918,0.110064,0.0,0.0,0.0,0.0,0.0,0.0,0.111908376,6.39177e-05,0.0
46.0,0.0,0.0,239.02977,0.3589,0.0,0.0,0.0,0.0,0.0,0.0,0.0,0.0,0.0,0.0,0.0,0.0,0.146139458,6.75518e-05,0.0
53.0,0.0,0.0,2179.08089,0.3499,2.05628,0.354944,0.436264,0.134019,0.883201,0.958143,0.203837,0.130576,1.74091,0.0,0.0,0.0,0.146139458,3.29465e-05,1.98266541
272.0,0.0,0.0,4882.5213,-0.3774,0.0,0.0,0.0,0.0,0.0,0.0,0.0,0.0,0.0457591,0.0,0.0,0.0,0.111908376,0.001920531,1.98266541
187.0,0.0,0.0,4489.110229999998,-0.3416,0.0,0.0,0.0,0.0,0.0,0.0910709,0.0,0.0,0.0644526,0.0,0.0,0.0,0.111908376,9.27165e-07,1.98266541
92.0,0.0,0.0,2006.35393,-0.4847,0.0,0.0,0.0,0.0,0.0,0.0,0.0,0.0,0.0,0.0,0.0,0.0,0.144167379,0.017981897,0.0
149.0,0.0,0.0,235.93423,0.4266,10.1449,5.99989,6.23906,4.52536,16.347,24.6983,5.95188,6.83737,24.9875,0.0,0.0,0.0,0.579714477,0.988642484,3.829865519399998
68.0,0.0,0.0,41.40219,0.359,0.885336,0.494738,3.09043,0.17297300000000002,0.960922,0.496205,0.8499200000000001,0.298815,0.0643215,0.0,0.497331948,0.0,0.455463469,4.63835e-07,3.27505451
82.0,0.0,0.0,216.58313,-0.3275,0.0,0.0,0.0,0.0,0.0216121,0.907013,0.0358099,0.0258759,0.0,0.0,0.0,0.0,0.22862041,0.001881242,2.99226437
1529.0,0.0,0.0,1247.40878,0.5461,0.0,0.0,0.0,0.0,0.0629701,0.0,0.0,0.0141248,0.0,0.0,0.0,0.0,0.146139458,0.007572397,1.86907763
96.0,1.0,1.0,48.90667,-0.5545,4.6449099999999985,0.965037,2.10473,0.149176,4.02766,4.75542,0.758606,0.905014,0.0121974,0.0,0.0,0.0,0.80871886,0.998485351,2.99056035
166.0,1.0,1.0,1086.9460800000004,-0.2903,0.16086,0.0398338,0.308359,1.43363,1.5748799999999998,1.75341,0.18208,0.437836,0.0101761,0.957427108,0.0,0.0,0.527515531,4.16725e-31,0.0
745.0,0.0,0.0,40.97898,-0.5346,11.0839,4.1393900000000015,7.70252,0.721368,1.64713,18.0719,2.37502,7.51243,0.0230582,0.0,0.0,0.0,0.54646343,0.730656355,2.96331746
597.0,1.0,0.0,1899.16799,-0.4488,9.08769,22.7791,2.23246,0.732066,2.59756,0.91261,0.6626569999999999,1.3928,0.0277649,0.957427108,0.0,0.0,0.7462295290000001,0.106612096,1.99962367
41.0,1.0,1.0,426.62286,-0.4491,22.3949,3.38444,1.8988,0.44053,3.72276,7.18509,4.4193,1.06959,0.470755,0.0,0.0,0.0,0.640711069,0.003390906,0.0
244.0,1.0,1.0,317.57217,0.3022,30.8388,12.51,19.7374,20.1172,24.7527,30.097,34.6952,17.389,28.6723,0.0,0.0,0.0,0.650558949,0.7134770570000001,1.99992492
36.0,0.0,0.0,16.87911,-0.4523,21.6651,2.96451,4.87935,4.2196,3.82562,4.24083,13.9994,2.6086400000000003,0.033056300000000004,0.0,0.0,0.0,0.737545311,0.969061049,8.90483434
129.0,1.0,1.0,599.71226,-0.3671,89.1068,21.9757,9.55813,4.4370400000000005,5.31296,12.3471,20.4762,16.7691,0.109071,0.0,0.494209116,0.0,0.852899194,0.99987673,10.79929478
14.0,0.0,0.0,289.79879,0.6378,247.283,65.0445,46.0841,40.5436,156.28,67.348,60.331,15.1948,21.8478,0.0,0.0,0.0,0.693781972,0.8757489620000001,3.66240179
783.0,1.0,2.0,1363.72417,-0.4597,45.1429,2.41109,0.861067,0.108455,1.64211,2.14859,1.6983400000000002,0.263372,0.00860162,0.0,0.477894065,0.0,0.833875239,0.884782623,2.94475488
609.0,0.0,0.0,15.56557,-0.5123,1.81364,1.86135,0.960079,0.245544,4.074330000000002,1.83402,0.440724,7.676589999999999,19.0303,0.0,0.0,0.0,0.209607884,0.664117315,3.97250131
35.0,0.0,0.0,76.83464000000002,0.2222,17.0934,12.3672,6.14034,1.15447,11.9708,43.0607,11.9342,6.81515,13.2168,0.0,0.0,0.0,0.71511656,1.40586e-06,1.99990361
47.0,0.0,0.0,712.0780763999999,-0.312,0.221323,0.270404,0.0549654,0.5701609999999999,1.0015,1.39554,0.128442,0.0230773,0.0173583,0.02397621783,0.012221156680000001,0.0,0.28603647409,0.04058778692950381,5.95345819
35.0,0.0,0.0,3481.90583,-0.2666,0.0469471,0.00961757,0.181666,0.191789,0.0874236,4.34285,0.0585381,0.058825,0.029756,0.0,0.0,0.0,0.25091123600000004,6.57114e-17,9.90845216
56.0,0.0,0.0,22.08097,0.4133,3.03872,0.266072,1.15093,1.61753,3.77906,6.811539999999999,5.62176,0.224792,0.825902,0.0,0.0,0.0,0.34804943200000005,3.64893e-11,4.93580207
19.0,0.0,0.0,81.7627,-0.3874,17.8625,16.4122,6.11369,0.6283770000000001,9.05755,19.3525,40.4021,20.2114,0.579364,0.0,0.0,0.0,0.275690168,0.00014329700000000002,2.87341017
18.0,0.0,0.0,134.29607,0.2175,0.0,0.0,0.0,0.0,0.247242,0.0867021,0.0684337,0.0,0.0,0.0,0.0,0.0,0.3679465836100001,0.1739252140685543,4.81544009
35.0,0.0,0.0,15.56407,-0.3834,18.1338,9.56726,7.3734199999999985,7.342160000000002,14.9695,30.8434,8.78881,7.992439999999998,28.6974,0.0,0.514240382,0.0,0.7944912909999999,0.985449561,4.90475214
651.0,0.0,0.0,6.37885,0.4462,19.3728,7.3242,5.36276,5.15203,14.8009,11.763,20.3513,39.9393,14.0476,0.0,0.0,0.0,0.824708164,0.998148789,8.79676704
36.0,1.0,1.0,21.40368,0.3955,49.3274,18.5275,11.2124,6.634530000000002,39.5826,28.35,25.5312,26.472,35.7591,0.0,0.479453267,0.0,0.794239461,0.999703649,6.7860231
1084.0,0.0,0.0,173.2434,-0.4041,0.0,0.0,0.0,0.0,0.0,0.548622,0.0,0.0,0.0,0.0,0.0,0.0,0.25535503,0.098105164,2.381111335200001
220.0,0.0,0.0,451.59604,-0.3102,0.0,0.0,0.0,0.0,0.0,0.225733,0.0,0.0,0.0,0.0,0.0,0.0,0.111908376,3.89693e-06,2.029619161800001
13.0,0.0,0.0,9600.77696,-0.3759,132.062,48.0168,44.9495,23.0327,127.525,268.744,68.8635,57.743,149.21,0.0,0.0,0.0,0.3721928,1.0,4.97086711
52.0,0.0,0.0,1699.4683100000002,0.2376,399.016,167.826,195.581,183.23,336.457,168.093,330.871,153.686,509.322,0.0,0.0,0.0,0.71101737,0.398813285,7.43867349
260.0,0.0,0.0,0.9687,-0.28,140.593,96.4865,60.8859,66.6153,90.3624,153.472,99.2389,89.8726,155.60399999999996,0.0,0.0,0.0,0.7829608920000001,0.979199713,12.50320448
67.0,0.0,0.0,5.1430099999999985,0.4129,46.6741,25.8371,20.9657,21.1687,37.0037,53.4618,35.1958,17.5475,73.0406,0.0,0.0,0.0,0.7829608920000001,0.999745809,9.67742038
137.0,0.0,0.0,605.54211,-0.3169,27.808000000000003,7.358619999999998,7.47967,9.8677,18.8941,18.0196,23.2584,5.6134900000000005,27.2014,0.0,0.0,0.0,0.497687757,1.2658e-05,4.28855844
457.0,0.0,0.0,3.61036,0.3197,50.9678,12.236,9.7955,11.1844,18.2386,20.6591,18.1346,9.74,62.4455,0.0,0.0,0.0,0.7829608920000001,0.975506866,15.67297733
58.0,0.0,0.0,30.97993,-0.4131,191.628,66.0199,78.07300000000002,68.3244,124.461,140.452,96.4406,82.2452,292.246,0.0,0.0,0.0,0.824708164,0.87136585,7.74742911
28.0,0.0,0.0,109.27527,-0.2527,0.24368,0.0,0.692473,0.0694395,0.0827362,1.84327,0.0,0.142841,0.0642239,0.0,0.0,0.0,0.292119116,0.054416635,1.70705006
326.0,0.0,0.0,186.7787,0.5895,16.1393,5.0117,5.2578,4.63894,13.0243,10.289,6.55567,3.55376,8.02587,0.0,0.0,0.0,0.5663051610000001,2.38442e-07,3.86565544
322.0,0.0,0.0,1105.62229,-0.2548,298.733,38.1498,12.5735,1.7549400000000002,23.9336,1.81733,16.1616,0.838151,0.205859,0.0,0.0,0.0,0.13934290400000002,8.40652e-07,1.99980452
39.0,0.0,0.0,8.76227,0.2862,0.0,0.0,0.0,0.0,0.0,0.915058,0.0,0.0,0.0,0.0,0.0,0.0,0.111908376,0.006838299,0.0
18.0,0.0,0.0,37.62967,0.2414,50.94423820000001,47.4140555,44.27179300000003,35.233565449,47.59652059999998,66.37367640000001,55.4394,31.247711600000002,51.617846240000006,0.0,0.0,0.0,0.214144617,0.029365312,4.7888367564999985
17.0,0.0,0.0,9663.74662,0.2315,3.18347,1.13703,0.921615,0.266307,2.88095,9.1775,1.15146,0.951184,1.20162,0.0,0.07062964595,0.0,0.5653362459600001,0.35033881099866365,6.5777401027999955
377.0,0.0,0.0,585.8790799999998,0.4066,0.0,0.0,0.0,0.0,0.0,0.0,0.0,0.0,0.0,0.00957427108,0.0,0.0,0.12623638246000005,0.01788027441513844,1.4186010143999987
492.0,0.0,0.0,24.8781,0.2664,0.7837810000000001,0.16093,0.121471,2.8411,0.046569699999999985,0.587745,0.250947,0.0625454,0.0,0.06875419135,0.005457224070000001,0.0,0.2850053993700001,0.08099335168624404,3.9087021891000013
465.0,0.0,0.0,2.26953,-0.2725,0.269483,0.0837811,0.0579255,0.41997,0.7008939999999999,2.65571,0.0584635,0.0,0.0846201,0.02151629735,0.0,0.0,0.3633855286500001,0.2479567163271,3.819737401799999
44.0,0.0,0.0,76.62647,0.3302,1.72672,0.0,0.320612,0.0,0.0,0.0,0.0,0.0,0.0943672,0.0,0.0,0.0,0.19658035497999996,0.034039287635411884,2.2045313944
180.0,1.0,0.0,987.04507,0.2271,18.1162,6.85244,6.559139999999998,3.70345,10.5383,11.164,9.27608,6.68072,2.28843,0.0,0.0,0.0,0.426189721,0.38005409,2.97179723
320.0,1.0,1.0,1695.64989,-0.2424,0.0,0.0666701,0.0,0.0,0.0,0.458663,0.0,0.0,0.0,0.0,0.468244205,0.0,0.519814193,6.14215e-26,3.97098282
208.0,0.0,0.0,693.6775,-0.2077,0.22657600000000006,0.0400799,1.97623,0.0255395,4.2176800000000005,0.357389,0.26426700000000003,4.2133699999999985,0.00953275,0.0,0.0,0.0,0.778094649,0.999999992,10.68395422
46.0,0.0,0.0,1095.64678,-0.2456,17.3535,14.1612,9.76468,7.914619999999998,15.2041,17.102,13.4375,5.99931,43.0456,0.957427108,0.0,0.0,0.55241257,0.00592219,1.96798985
8.0,0.0,0.0,235.27173,-0.1763,0.919316,0.30356,1.29136,11.5862,0.969161,12.3003,1.3208,0.6753319999999999,0.112384,0.0,0.0,0.0,0.123297259,0.000188842,1.97755717
1.0,0.0,0.0,986.92433,0.5332,21.6682,3.41182,73.167,181.103,5.50215,25.5073,8.91493,4.0953300000000015,22.9632,0.0,0.0,0.0,0.770912826,1.86116e-07,2.97639148
81.0,0.0,0.0,1292.6128,0.2211,4.19687,1.26999,0.5555720000000001,0.745953,1.84331,0.553005,0.430532,0.220645,0.506855,0.0,0.0,0.0,0.7044333220000001,0.993830465,2.8304118
26.0,0.0,0.0,43.02086,0.7476,20.1728,11.5672,9.88598,16.5816,33.4791,8.05378,13.8324,6.91608,10.638,0.0,0.0,0.0,0.809006751,0.999836809,2.8304118
215.0,0.0,0.0,272.78752959999997,0.35100000000000003,24.9716,10.1906,8.750110000000001,8.82313,28.1664,49.9014,11.41,17.0967,12.9686,0.0,0.0,0.0,0.72829324,0.999882541,0.0
39.0,1.0,1.0,115.75595,0.2966,7.63253,3.42877,2.79033,1.67254,10.7423,15.6647,14.8726,9.10162,14.8188,0.0,0.8043549740000001,0.0,0.638582647,0.999438622,5.83357103
28.0,1.0,0.0,6537.42463,-0.1682,0.0727311,0.07868860000000001,0.224221,0.019087700000000003,0.0972405,0.875173,1.39574,0.0136593,0.11328699999999997,0.0,0.395367293,0.0,0.17706593899999998,8.427410000000001e-14,3.79511105
19.0,0.0,0.0,25.55771,0.2408,21.4042,22.2207,3.4310400000000003,14.9237,7.60566,37.9799,12.4444,11.7816,42.4107,0.0,0.0,0.0,0.788574338,0.8260678779999999,7.92021891
148.0,0.0,0.0,49.57694,-0.3138,0.0793024,0.0283905,16.7694,197.432,0.471998,4.35115,0.0236993,0.103469,0.196669,0.0,0.0,0.0,0.319299012,3.71516e-06,3.64963493
1.0,1.0,1.0,1219.29265,0.11167400000000001,21.3428,42.7168,1.8524,1.46751,6.68359,7.2115399999999985,5.12207,1.8697,0.187633,0.0,0.906644289,0.0,0.637993336,0.135386793,17.64906737
9.0,0.0,0.0,415.36286,-0.229,0.41317,24.0102,0.208525,1.04292,1.81762,6.14332,0.022321,0.061595900000000016,0.027667700000000003,0.0,0.0,0.0,0.6842550040000001,0.008031195999999999,2.93433955
309.0,1.0,1.0,138.92944,0.3921,39.7777,19.2009,15.9714,10.3478,23.4148,7.27596,6.898110000000001,9.59361,24.6468,0.957427108,0.477894065,0.0,0.824708164,0.868268313,10.52385559
66.0,0.0,0.0,10.57923,0.3742,27.0093,29.1221,38.9481,65.945,18.1638,16.97,70.4288,8.2075,9.09961,0.0,0.0,0.0,0.207913831,0.000439257,2.99256063
42.0,0.0,0.0,46.4952,-0.4599,134.428,23.8782,24.4597,18.3302,85.8141,44.0638,68.1193,18.964,59.0072,0.0,0.0,0.0,0.8395857809999999,0.99995316,3.66240179
17.0,1.0,0.0,4051.69126,0.4441,10.9911,6.16837,6.6669399999999985,0.663081,33.9272,51.9819,4.39686,20.4718,0.312763,0.0,0.930627006,0.0,0.7864689229999999,0.999462431,7.79276302
19.0,1.0,1.0,94.00915,0.4368,2937.24,287.439,166.705,38.9466,95.1329,124.167,162.261,18.0602,9.85485,0.0,0.0,0.0,0.444217145,0.24153768,0.0
163.0,0.0,0.0,30.58676,0.6295,0.291871,0.0452431,0.0,0.0,0.143327,0.140474,0.056772,0.0298676,0.234284,0.0,0.0,0.0,0.123297259,0.000144124,1.98266541
16.0,0.0,0.0,1623.12511,-0.2699,0.0,0.0,0.0,0.0,0.0,0.0980923,0.0,0.0,0.0,0.0,0.0,0.0,0.123297259,0.065390402,1.98266541
118.0,0.0,0.0,802.33751,0.3182,1.80017,0.342841,0.540311,0.330379,2.46628,1.34866,0.58017,1.17634,1.1556799999999998,0.0,0.0,0.0,0.146139458,0.04973845,2.96764242
272.0,0.0,0.0,305.63901,-0.4045,0.0,0.0,0.0,0.0,0.0,0.0,0.0,0.0,0.0,0.0,0.0,0.0,0.111908376,6.3004e-06,1.98266541
187.0,0.0,0.0,3.16493,-0.6705,0.017420500000000002,0.0,0.0,0.0,0.0174889,0.0916003,0.0,0.0,0.0,0.0,0.0,0.0,0.186891869,0.4900021470000001,0.0
33.0,0.0,0.0,1070.45038,0.1975,27.9801,6.37634,5.36198,9.70064,11.8595,10.181,8.58968,4.22441,0.415223,0.0,0.0,0.0,0.824708164,0.989605029,6.56033859
30.0,0.0,0.0,56.37626,0.9415,0.0298888,0.0,0.0,0.0,0.0112421,2.72336,0.0,0.0125066,0.366475,0.0,0.0,0.0,0.6933401229999999,0.8661511890000001,14.05338892
73.0,0.0,0.0,3646.95795,0.2077,8.60392,2.33576,2.20424,1.37343,7.25045,1.54232,2.83893,1.29485,12.2708,0.8940809679999999,0.0,0.0,0.123297259,7.053680000000001e-26,0.0
25.0,0.0,0.0,126.47135,0.1705,0.983578,0.170174,0.292548,0.0869152,0.407209,17.4274,0.15213800000000002,0.507414,0.670666,0.0,0.0,0.0,0.26643790832,0.05732861483170258,0.0
1.0,1.0,0.0,472.6638,-0.3708,58.8729,30.3669,32.4722,8.999360000000003,33.8618,17.7424,40.4581,9.29795,155.283,0.0,0.731960198,0.0,0.831385493,0.35413252799999995,13.82529558
61.0,0.0,0.0,1518.25778,0.2327,86.4257,12.202,12.0969,5.20517,11.3497,9.28207,33.1008,2.82918,1.05597,0.957427108,0.395367293,0.0,0.679628551,0.011054798,7.91602311
86.0,1.0,1.0,378.07788,-0.6402,66.0365,30.779,5.32661,3.44507,12.0492,4.40311,9.92719,8.14818,0.321486,0.0,0.477735479,0.0,0.603037536,0.245000803,2.97531153
400.0,0.0,0.0,1053.74919,-0.4406,21.5988,3.95025,6.79405,15.0274,14.0308,30.9423,20.0687,3.09361,17.3454,0.0,0.0,0.0,0.288511723,8.14596e-06,1.9977004
1.0,0.0,0.0,874.7924294000005,-0.048333000000000056,102.421,36.4719,30.684,11.6694,29.5908,12.5914,39.4418,42.2885,14.0279,0.0,0.0,0.0,0.30187729,0.997954015,4.93672721
670.0,0.0,0.0,15.3263,-0.6038,28.1616,5.80175,5.964,6.86862,8.45352,14.8261,13.5,3.66265,72.9493,0.957427108,0.5706635320000001,0.0,0.831385493,0.912222953,13.71759198
5.0,0.0,0.0,49.60335,-0.2484,11.0452,4.0262,5.40266,3.26322,10.5093,37.6496,7.2098,4.17741,9.92295,0.0,0.0,0.0,0.444217145,0.505141848,3.52306165
407.0,0.0,0.0,4421.9007,-0.5121,11.9609,3.09327,3.20722,2.53493,9.56511,8.37325,3.86499,2.38963,6.7163,0.0,0.0,0.0,0.288511723,0.000375248,5.80132248
39.0,1.0,2.0,2192.08637,-0.1704,0.806562,0.369907,0.573239,0.32723,0.5479069999999999,2.73371,0.90416,1.56965,1.09133,0.0,0.0,0.0,0.824708164,0.988510645,1.86907763
894.0,1.0,1.0,836.4590099999998,-0.8241,0.0168321,0.0,190.478,0.0,0.0,0.863823,0.0,0.0,0.0,0.0,0.0,0.0,0.208481908,3.18086e-08,8.912730499999997
1932.0,0.0,0.0,1375.6794528000007,0.5183,167.28799999999995,54.9,68.0375,24.5387,284.869,97.4831,107.867,197.515,47.8366,0.0,0.0,0.0,0.598057508,0.837117601,27.2328624
237.0,1.0,0.0,55.75589,0.5131,2.09882,0.8374149999999999,9.82517,0.334088,19.1386,1.51429,11.7527,0.0763366,7.898110000000001,0.0,0.959358571,0.0,0.7864689229999999,0.3921252120000001,4.75766587
376.0,1.0,0.0,95.26537,-0.4626,103.281,127.229,118.082,143.583,34.8442,8.800419999999997,56.1953,16.6194,74.4515,0.0,0.5283317679999999,0.0,0.7015992609299999,0.6124896763731602,7.87963926
38.0,0.0,0.0,763.76634,0.2687,2.44604,1.5824200000000002,1.31409,0.631509,7.48462,3.51689,1.48386,1.9349,0.951715,0.0,0.0,0.0,0.146139458,0.310171245,1.98266541
494.0,0.0,0.0,815.64192,-0.3141,0.0,0.0,0.0,0.0,0.0,1.81143,0.0,0.0321137,0.0,0.0,0.0,0.0,0.111908376,0.000121566,1.98266541
392.0,0.0,0.0,69.86384,-0.3303,18.552,7.93443,12.6153,12.7032,11.4917,24.8907,15.4007,11.5025,12.1813,0.0,0.0,0.0,0.745582581,0.046391622,7.92940676
357.0,0.0,0.0,467.93908,0.5820000000000001,178.51775300000006,89.83077699999998,100.54024600000014,106.40618910999997,141.04964680000015,84.42934700000004,112.86148400000003,48.073085100000014,173.27003539999987,0.0729623501,0.02187945253,0.0,0.6460830192199998,0.5734757882215434,10.244557559099999
62.0,0.0,0.0,54.21767,0.2805,6.764239999999999,1.40316,2.18024,3.38649,2.43897,6.498469999999998,1.18514,0.635257,1.59678,0.0,0.0,0.0,0.7926150559999999,0.27266724800000003,6.84360167
58.0,0.0,0.0,205.6394,0.3799,208.69367099999997,86.40080499999995,85.40383200000005,91.44215400000003,130.69804600000006,91.61058800000002,95.80861500000005,40.9525541,201.2575589999999,0.028153570989999998,0.10206731056000001,0.0,0.67036134869,0.49665134521000026,7.683687709200001
1.0,0.0,0.0,10798.95885,0.139441,1026.9168414940004,5388.8342226,294.54881499999993,361.9547879999996,512.3076152000002,204.57227900000007,400.24140999999986,162.38226759999984,1610.3158265700001,0.3407580493799999,0.04337350653000001,0.0,0.5311072849900004,0.4131540373147309,11.082833687500006
