wgEncodeBroadHmmHuvecHMM.count,IPA_BP_annotation,IPA_Activity,GDI_Score,betamax,Fallopian Tube_GTExTPM,Heart - Atrial Appendage_GTExTPM,Kidney - Cortex_GTExTPM,Liver_GTExTPM,Pituitary_GTExTPM,Testis_GTExTPM,Adrenal Gland_GTExTPM,Brain - Amygdala_GTExTPM,Cells - EBV-transformed lymphocytes_GTExTPM,humanscore_Exomiser,mousescore_Exomiser,fishscore_Exomiser,HIPred,pLI_ExAC,SDI,Gene,BPlabel
56,1,1,117.11773000000001,0.4561,18.294,7.48648,1.05469,8.69046,2.3750299999999998,0.506314,2.63463,1.91818,0.0393093,0.0,0.884429274,0.0,0.670620084,0.000700543,4.77784717,ABCC9,most likely
1,0,0,1512.78445,,,,,,,,,,,,,,,,,AC006455.1,least likely
357,0,0,12.38694,-0.43799999999999994,,,,,,,,,,,,,,,,AC007216.2,least likely
24,0,0,1095.2409699999998,0.6259,,,,,,,,,,,,,,,,AC007461.1,least likely
966,0,0,332.05359,0.4141,,,,,,,,,,,,,,,,AC008498.1,least likely
162,0,0,371.98567,-0.2965,,,,,,,,,,,,,,,,AC011298.1,least likely
290,0,0,0.61257,-0.2878,,,,,,,,,,,,,,,,AC011366.3,least likely
104,0,0,1535.52979,-0.3792,,,,,,,,,,,,,,,,AC012313.1,least likely
6,0,0,2.95899,-0.3115,,,,,,,,,,,,,,,,AC015987.2,least likely
1399,0,0,12.51592,0.4977,,,,,,,,,,,,,,,,AC016885.1,least likely
210,0,0,171.18661,-0.3834,,,,,,,,,,,,,,,,AC018445.1,least likely
261,0,0,4573.515329999999,-0.4349,,,,,,,,,,,,,,,,AC020907.1,least likely
21,0,0,31.188159999999996,-0.22899999999999998,,,,,,,,,,,,,0.146139458,0.050466464,,AC022532.1,least likely
846,0,0,3024.54248,0.4032,,,,,,,,,,,,,,,,AC068620.1,least likely
30,0,0,2440.91385,0.2594,,,,,,,,,,,,,,,,AC090574.1,least likely
66,0,0,1631.4976900000001,0.1789,,,,,,,,,,,,,,,,AC091150.1,least likely
105,0,0,86.29137,0.3539,,,,,,,,,,,,,,,,AC093677.1,least likely
176,0,0,10.46141,-0.4437,,,,,,,,,,,,,,,,AC108868.1,least likely
135,0,0,0.31035999999999997,1.0733,,,,,,,,,,,,,,,,AC111200.1,least likely
115,0,0,7.54913,-0.4311,,,,,,,,,,,,,,,,AC117834.1,least likely
80,0,0,139.59497,0.5089,34.6796,7.296530000000001,16.2436,41.5886,23.8061,7.19681,17.6493,9.653030000000001,12.062000000000001,0.0,0.0,0.0,0.123297259,1.82643e-05,,ACBD4,most likely
17,1,0,1006.9095,-0.433,3.49419,2.9232299999999998,3.8524,0.520167,12.4842,112.34100000000001,3.1546,1.00705,0.157691,0.8162841409999999,0.9306270059999999,0.0,0.158249199,4.6328300000000005e-18,7.94256213,ACE,most likely
269,1,0,62.69651999999999,-0.5859,5.08615,1.82702,3.5446400000000002,4.6432,0.807384,3.1208299999999998,2.6396,0.778696,0.20925300000000002,0.0,0.514240382,0.0,0.238498077,0.00024436900000000003,2.80622297,ADRA2B,most likely
266,1,0,95.03749,0.2683,0.22541599999999998,14.5952,0.914839,0.182195,0.31352199999999997,1.23019,0.13308699999999998,3.85523,0.6053,0.0,0.5706635320000001,0.0,,,2.91936788,ADRB1,most likely
52,1,0,2513.68991,-0.3705,3.74804,3.47341,0.41986899999999994,3.4057800000000005,0.46190200000000003,0.649181,0.550471,1.16925,0.6728350000000001,0.0,0.8387322209999999,0.0,0.668925405,0.476493104,10.75900262,ADRB2,most likely
198,1,0,587.2068,-0.284,10.9731,138.197,28.7566,1007.43,27.320999999999998,10.2313,19.1442,207.47799999999998,0.15193800000000002,0.957427108,0.905486233,0.0,0.172807097,1.57429e-09,4.7137448,AGT,most likely
38,0,0,17.52078,-0.4952,63.1979,19.7588,23.8201,28.1895,53.6259,43.5993,32.7289,12.5824,46.2769,0.0,0.0,0.0,0.831385493,0.9978162070000001,8.7600131,AKT2,probable
104,0,0,264.70005,0.3519,,,,,,,,,,,,,0.146139458,0.15946756,,AL031666.2,least likely
98,0,0,722.18127,0.2755,,,,,,,,,,,,,,,,AL160274.1,least likely
465,0,0,611.7661,-0.3,,,,,,,,,,,,,,,,AL354808.2,least likely
48,0,0,21.642979999999998,0.4095,,,,,,,,,,,,,,,,AL354993.1,least likely
159,0,0,1286.8759699999998,-0.4258,,,,,,,,,,,,,,,,AL391152.1,least likely
56,0,0,169.84402,0.6414,,,,,,,,,,,,,0.237914741,0.17274564399999998,,AL445989.1,least likely
27,0,0,11.5284,0.2613,,,,,,,,,,,,,,,,AL591806.1,least likely
122,0,0,94.57913,-0.3108,1.9837799999999999,0.313994,0.8179069999999999,0.38622,13.5439,30.3377,0.35989699999999997,2.11553,0.23048400000000002,0.0,0.0,0.0,0.21963588899999997,4.89547e-05,1.70705006,AMH,probable
105,1,2,100.43916999999999,0.4266,5.04825,2.0908,0.533557,0.279994,0.612412,0.8377829999999999,0.24083200000000002,1.17954,0.126609,0.0,0.363622861,0.0,0.824394882,0.45489101600000004,4.92982383,ANGPT2,probable
14,0,0,13.905829999999998,-0.2705,,,,,,,,,,,,,0.179693475,0.028983163,,AP000867.1,least likely
147,0,0,,0.4225,,,,,,,,,,,,,,,,AP002884.2,least likely
26,1,1,1533.8745199999998,0.3577,111.936,91.3071,629.226,3181.76,103.448,191.285,3543.25,1154.31,2.69857,0.0,0.578384088,0.0,0.460647643,0.034533583,25.5898132,APOE,most likely
49,1,0,3332.8913,0.5474,436.279,110.294,270.218,11.4668,27.6952,17.3382,30.4087,29.576999999999998,0.975289,0.0,0.557884944,0.0,0.13934290400000002,0.049925638,14.629165200000001,AQP1,probable
17,0,0,2588.6288,0.3004,0.38702800000000004,0.039397,0.12381700000000001,0.153082,0.901954,7.10049,0.042907,0.11439300000000001,0.0,0.0,0.0,0.0,0.146139458,0.039182646,1.99024055,ARMS2,probable
516,0,0,2305.0631,-0.5586,13.7899,10.2855,12.5871,10.3198,36.2916,19.8891,8.24624,12.3718,0.796268,0.919866211,0.0,0.0,0.713784814,8.218389999999999e-07,5.85157295,ARVCF,probable
229,0,0,162.29015,0.327,13.8663,18.9868,9.71495,25.1198,12.5933,15.6409,411.564,7.148960000000001,2.02104,0.0,0.0,0.0,0.30087763100000003,5.09138e-07,0.0,AS3MT,probable
53,1,0,35.43011,-0.4331,13.6358,4.43631,4.67109,4.65923,16.7378,17.3962,5.077380000000001,17.9042,38.9581,0.0,0.0,0.0,0.767620981,0.999997542,11.67800063,ATP2B1,probable
256,0,0,7.942539999999999,-0.3397,0.0,0.068652,0.0441233,0.0123188,0.07147289999999999,0.10465799999999999,0.07493939999999999,0.0,0.0855784,,,,0.11190837599999999,0.166948561,,ATP5L2,least likely
34,0,0,463.55580999999995,0.3715,12.8761,1.9780799999999998,2.66198,0.45430200000000004,5.81123,2.21285,0.591067,4.23468,49.6889,0.0,0.35893075700000004,0.0,0.79961127,0.337855764,12.578549699999998,BCL2,probable
14,1,0,2261.17843,0.2663,0.23561700000000002,0.0856405,0.101613,0.0434151,1.20793,0.793846,0.146828,0.9318209999999999,0.056441899999999996,0.0,0.0,0.0,0.7969835999999999,0.9467193079999999,9.78859286,BDNF,probable
49,0,0,,-0.1845,,,,,,,,,,,,,0.17792584,4.99768e-06,,C1orf192,least likely
202,0,0,,0.5132,,,,,,,,,,,,,,,,C21orf90,least likely
241,0,0,,-0.3624,,,,,,,,,,,,,,,,C6orf123,least likely
528,1,1,5.07717,0.3445,0.059361800000000006,0.0275618,0.0376693,0.0,0.14941500000000002,1.35608,0.0314759,3.1571700000000003,0.0,0.0,0.0,0.0,0.8366215229999999,0.775375974,0.0,CA7,probable
22,1,0,257.23512,1.2559,6.48269,11.0358,1.1799,0.202653,8.294139999999999,4.61596,0.9187299999999999,2.27168,0.031055400000000004,0.0,0.49943406700000004,0.0,0.693781972,0.999998433,6.87689431,CACNA1C,most likely
662,1,1,728.73949,0.5555,4.7984599999999995,0.5470189999999999,1.4056600000000001,0.917359,11.1441,3.00258,8.35908,0.9144899999999999,0.730862,0.9005028829999999,0.49080455,0.0,0.6933863159999999,1.0,3.74177141,CACNA1D,most likely
64,1,1,590.52071,-0.4331,3.49425,8.652999999999999,3.2298400000000003,0.339362,16.2288,14.7574,0.500165,2.54225,0.12676800000000002,0.0,0.512173321,0.0,0.622939706,0.999693297,1.90066426,CACNA2D2,most likely
1,1,1,766.55161,,13.9779,8.75035,1.75555,2.14918,23.9603,1.93115,4.67696,4.13319,1.7634900000000002,0.0,0.5706635320000001,0.0,0.602114379,0.001820338,3.49140794,CACNB2,most likely
65,1,1,22.57919,0.2241,0.5717439999999999,0.162043,0.529291,0.036189599999999995,2.22282,3.7413300000000005,0.424746,2.41066,3.22076,0.0,0.0,0.0,0.638582647,0.011363581999999999,3.8518008999999997,CACNB4,most likely
21,0,0,1301.92267,0.3745,0.275553,28.8645,0.758959,2.36737,54.1038,2.557,0.278357,38.9539,0.183398,0.0,0.431381082,0.0,0.736296356,0.468620194,9.88779187,CAMK2B,most likely
149,0,0,1917.4811399999999,-0.3541,24.9937,5.49164,8.744860000000001,4.27798,28.27,27.4466,12.9917,5.38834,5.59133,0.0,0.396248826,0.0,0.669261694,0.003193956,5.52376604,CASP9,probable
109,0,0,804.1747799999999,0.4873,63.4628,74.99,27.534000000000002,21.3231,39.0108,59.966,40.0837,8.586960000000001,39.3169,0.0,0.0,0.0,0.429466158,1.55576e-06,2.93496915,CAST,most likely
155,1,0,11.5877,0.1871,264.664,126.37799999999999,4.81265,4.908869999999999,6.35668,21.4049,6.28175,4.2653099999999995,3.8993900000000004,0.869202136,0.788155246,0.0,0.7691657540000001,0.018707972,23.41984427,CAV1,probable
41,1,1,1294.94009,-0.4295,13.4,1.6606599999999998,4.17825,0.413393,42.1044,96.3852,26.6844,7.35814,16.0634,0.0,0.0,0.0,0.186891869,1.16806e-05,,CCDC74A,least likely
211,0,0,435.38052000000005,-0.4933,0.143568,0.025012200000000002,0.0202853,0.0103568,1.0724,1.01452,0.0973834,6.25615,0.0,0.0,0.5283317679999999,0.0,0.42101231200000006,9.67009e-05,1.98266541,CCKBR,probable
1166,0,0,11.550999999999998,0.467,19.865,27.3795,17.8658,25.7132,40.9923,5.175590000000001,27.445,13.8482,5.42097,0.957427108,0.0,0.0,0.830946863,0.23818636199999998,8.79295894,CCND1,most likely
15,0,0,19.37612,-0.2075,0.453172,0.164609,0.115444,0.122681,0.22978800000000002,0.454875,0.32263000000000003,0.0360517,1.87789,0.0,0.0,0.0,0.11190837599999999,0.000639118,1.98266541,CD300LB,least likely
81,0,0,656.55651,0.373,9.05461,2.63192,2.59026,1.9184,5.2693900000000005,7.48491,3.68508,1.72363,12.3475,0.0,0.0,0.0,0.48830753600000004,0.577650481,4.70997211,CDKAL1,probable
30,0,0,899.40808,0.3491,250.708,74.7343,59.5473,54.2047,127.376,73.9433,65.3594,12.3837,228.96900000000002,0.0,0.0,0.0,0.581228554,0.027202551000000002,8.44786072,CDKN1A,probable
280,0,0,36.30666,0.5709,20.2885,7.9695,11.0944,19.4902,24.9136,119.375,30.3638,21.8036,23.6826,0.0,0.0,0.0,0.72829324,0.7870881470000001,0.0,CHKA,probable
18,1,1,371.5394,0.3012,27.3258,10.8362,10.4996,8.4081,35.3001,38.8683,17.9895,14.2754,18.5344,0.0,0.0,0.0,0.575333595,0.163974191,2.93429059,CLCN6,most likely
1,1,1,1257.0747199999998,,1.28977,0.45387299999999997,40.9531,0.09893489999999999,29.3917,10.7573,2.67652,0.100634,0.32816999999999996,0.0,0.853179975,0.0,0.13934290400000002,2.74928e-14,2.89489364,CLCNKA,probable
61,0,0,702.63417,-0.5387,11.4287,4.89891,3.20618,2.6642900000000003,10.7832,14.5914,6.68595,3.66137,6.25185,0.0,0.5040940970000001,0.0,0.757599056,0.9984796509999999,6.46145605,CLOCK,probable
8,0,0,13.65731,0.1981,2.02509,0.6608649999999999,1.3848200000000002,0.493971,1.2370700000000001,3.6116800000000002,4.662669999999999,1.64451,0.537801,0.0,0.0,0.0,0.28995356,0.34722931700000004,1.96195718,CNFN,least likely
66,0,0,215.89597999999998,-0.2298,1.94545,0.52079,0.407144,0.5664399999999999,0.8398049999999999,4.20784,0.86415,0.8207260000000001,1.44676,0.0,0.0,0.0,0.26269474600000003,0.000349252,3.94830677,CNTF,probable
84,0,0,1311.19681,-0.175,0.07495,0.0,0.0,0.0,0.027005599999999998,7.00215,0.0,0.0191211,0.0,,,,,,,CTA-299D3.8,least likely
1,0,0,840.47456,,,,,,,,,,,,,,,,,CTB-134H23.2,least likely
62,0,0,179.81605,-0.1597,,,,,,,,,,,,,,,,CTB-167G5.5,least likely
1,0,0,5.42256,,25.38,12.0586,6.6971,0.7440319999999999,8.88177,7.89733,11.8108,4.35124,0.465871,0.0,0.0,0.0,0.39625853299999997,0.138254694,1.70705006,CTF1,probable
65,0,0,10.253639999999999,-0.5576,161.934,54.2835,43.2705,33.9225,82.0465,62.6791,105.39299999999999,44.9305,72.8449,0.0,0.38962596200000005,0.0,0.7829608920000001,0.99981275,37.57141285,CTNNB1,probable
55,1,0,350.77826,-0.5502,0.536007,0.054849800000000004,0.22845,0.19893,0.265705,6.4103,4787.34,0.0386169,0.0788225,0.957427108,0.9306270059999999,0.0,0.132359073,0.0014339320000000002,1.6697435,CYP11B1,probable
17,0,0,295.69785,-0.3979,0.0,0.0,0.0,0.00948479,0.0,0.191225,89.3696,0.0,0.0,0.957427108,0.826392613,0.0,0.11190837599999999,3.9271799999999997e-13,1.6697435,CYP11B2,most likely
606,0,0,8.73654,0.4083,2.2445,0.325463,4.719519999999999,1.95006,0.9242549999999999,14.5682,6921.5,0.45048,0.120849,0.957427108,0.0,0.0,0.30910086600000003,0.035030608,3.92083295,CYP17A1,probable
2317,0,0,141.56503,-0.7345,0.039560000000000005,0.0,0.029755,71.5396,0.014306799999999998,0.105563,0.0128524,0.0,0.0593256,0.0,0.0,0.0,0.11190837599999999,3.28541e-10,2.89366853,CYP1A2,most likely
224,0,0,2760.21963,-0.324,3.22191,0.49144399999999994,2.80251,17.4681,2.44539,0.9871030000000001,1673.18,0.73397,0.0880692,0.957427108,0.0,0.0,0.506795704,0.6723067309999999,1.96359409,CYP21A2,probable
212,0,0,378.83872,0.3776,0.0,0.0,0.0226458,13.2527,0.0,0.0750059,0.0,0.0,0.0,0.0,0.0,0.0,0.11190837599999999,2.53769e-10,3.8669160000000002,CYP2C19,most likely
282,0,0,21.66294,-0.28300000000000003,32.1368,8.80305,25.1763,7.430439999999999,43.4933,125.666,29.6193,10.9072,26.3634,0.0,0.0,0.0,0.17792584,1.8481400000000002e-05,,DALRD3,probable
109,1,0,637.88987,0.3188,1.0097399999999999,0.514072,1.1002,23.5694,2.61192,0.659191,2.85355,0.364796,0.06870989999999999,0.651169479,0.0,0.0,0.390099078,2.54161e-06,12.63081829,DBH,probable
1,1,1,77.4528,,19.2484,5.08619,47.3361,37.0926,18.5242,28.5401,33.4202,88.1268,0.2433,0.0,0.8876880629999999,0.0,0.591572225,0.16827687300000002,1.99992492,DDAH1,probable
48,0,0,8.97171,0.7071,0.0,0.0,0.0,0.0,0.0,0.0,0.0,0.0,0.0,,,,0.123297259,0.157398012,,DEFB131,least likely
74,0,0,139.19509,-0.45899999999999996,,,,,,,,,,,,,,,,DKFZP434O1614,least likely
1396,0,0,796.35554,-0.5314,,,,,,,,,,,,,,,,DKFZP761K2322,least likely
30,0,0,0.63842,0.3811,1.08495,0.43038699999999996,0.16623,0.0872401,1.29128,0.7944760000000001,0.369551,0.09999789999999999,1.03867,0.0,0.0,0.0,,,,DLEU2L,least likely
672,0,0,499.50349000000006,-0.7297,1.42652,0.153521,145.626,0.191411,0.582014,110.288,1.9129599999999998,0.0592308,0.0657459,0.0,0.0,0.0,0.146139458,0.00013649299999999998,8.91291128,DPEP1,probable
2,0,0,4755.6075200000005,-0.1857,9.40431,47.0164,14.038,21.3464,14.7673,3.21316,16.141,1.2795,0.295742,0.0,0.528793336,0.0,0.7471313479999999,0.999901543,12.88289324,DSP,most likely
192,1,1,218.27707,-0.3435,922.405,314.747,249.783,422.046,564.847,135.061,246.62900000000002,56.2714,8.24415,0.0,0.913254607,0.0,0.8485682609999999,0.020500202,1.86907763,DUSP1,most likely
765,1,0,747.20557,0.638,17.5142,5.8782,7.749680000000001,1.5290700000000002,2.08775,7.74557,2.28856,7.06498,10.8395,0.0,0.8876880629999999,0.0,0.44980269700000003,0.081020067,6.87802251,EDN1,most likely
94,1,1,6.5613600000000005,0.2822,43.6706,19.5755,2.6903599999999996,1.03118,4.52835,6.46399,3.43355,1.21917,0.108652,0.0,0.0,0.0,0.8000363109999999,0.986016088,1.74820254,EDNRA,most likely
14,0,0,250.99535,-0.7151,7.240639999999999,4.39174,5.75531,9.397839999999999,8.65442,10.3093,8.83226,1.15878,11.9262,0.0,0.0,0.0,0.743839204,0.062109871,10.79296239,EPB41,probable
234,0,0,741.13732,0.5378,0.0,0.0,0.0,0.0,0.0,0.10066699999999999,0.0,0.0,0.0,0.0,0.0,0.0,,,0.0,ERVV-1,least likely
257,1,0,148.46268999999998,-0.4592,43.2436,0.715569,0.7753180000000001,3.52714,5.81573,2.73794,1.0695700000000001,0.11886300000000001,0.112573,0.0,0.514240382,0.0,0.762403488,0.987167021,11.79347495,ESR1,probable
108,0,0,15.970479999999998,0.1941,0.15137,2.52412,3.6514699999999998,0.06452909999999999,1.47278,0.45351899999999995,2.4038,0.776255,0.00470666,0.0,0.513919247,0.0,0.824708164,0.93661121,0.0,ESRRG,probable
108,1,0,1350.01732,0.4863,0.11964000000000001,0.0563038,0.07340219999999999,599.629,0.161261,1.3894799999999998,0.038877800000000004,0.060862599999999996,0.0281983,0.0,0.494209116,0.0,0.6347865460000001,0.959943188,7.86340488,F2,probable
71,0,0,107.00426999999999,-0.5613,32.0732,10.6607,8.08925,14.0175,7.791910000000001,8.67099,9.04845,3.25868,8.62371,0.0,0.46519266200000003,0.0,0.705665529,2.7739e-05,6.70564693,FES,probable
20,0,0,265.4958,0.2923,0.0365695,0.0,0.0992895,0.0,0.052650999999999996,0.0450065,0.0,0.0101786,0.00537177,0.0,0.0,0.0,0.69255507,4.31893e-05,2.89203741,FGF5,probable
10,0,0,70.2485,0.3287,38.967,16.2783,12.9212,9.67615,26.7214,78.0878,30.1144,14.7972,79.6665,0.0,0.0,0.0,0.715512335,0.600789667,1.12427871,FIP1L1,probable
358,0,0,1.92553,0.4922,,,,,,,,,,,,,,,,FKSG62,least likely
81,0,0,98.07425,0.2472,8.019260000000001,3.3008,2.32029,1.44702,8.28389,2.5213900000000002,8.078560000000001,4.75062,4.71884,0.0,0.0,0.0,0.38356629,0.011344576,2.19615612,FTO,probable
61,0,0,1567.59549,-0.8276,132.658,32.829,21.291,4.16766,75.8852,23.8362,34.4484,131.07399999999998,4.09661,0.0,0.0,0.0,0.630912066,0.9999699009999999,8.84810219,GABBR1,probable
184,0,0,2249.29606,-0.235,57.4669,7.589519999999999,13.7062,0.621733,14.4716,6.18994,2.94125,1.57819,0.0550476,0.0,0.5646668979999999,0.0,0.836875796,0.97976209,2.75424746,GATA2,probable
147,0,0,9.29304,0.2265,1.1012899999999999,3.1227099999999997,0.153421,0.9820200000000001,34.5013,0.9028579999999999,0.144547,2.10417,0.04291180000000001,0.0,0.0,0.0,0.7484053970000001,0.204306173,2.80882657,GCK,probable
26,1,2,58.06389,0.5164,0.0,0.0554232,0.0,8.26487,0.0,0.129494,0.0,0.0,0.0,0.609459847,0.0,0.0,0.295108467,0.086007141,3.85244898,GDF2,probable
247,0,0,415.38531,-0.4044,0.0,0.0,0.0,0.0,0.0,0.84196,0.0,0.0,0.0,0.0,0.0,0.0,0.123297259,0.162839345,4.95013216,GIP,probable
17,0,0,1766.0938600000002,-0.1996,5.26264,9.32876,0.906492,0.321825,0.5927899999999999,0.5040479999999999,0.332615,0.994459,23.7693,0.0,0.0,0.0,0.238498077,2.54083e-22,1.98266541,GIPR,probable
187,0,0,29.873240000000003,-0.8326,53.373000000000005,48.5423,18.714000000000002,2.1737,39.9564,35.6586,439.809,227.139,0.356516,0.9005028829999999,0.5706635320000001,0.0,0.833060265,0.21554685,24.59899632,GJA1,most likely
29,1,2,290.01884,0.2409,210.185,194.798,109.573,56.1306,1324.37,118.22200000000001,230.051,281.89099999999996,234.50099999999998,0.957427108,0.0,0.0,0.7039938570000001,0.999540082,5.98324176,GNAS,probable
1,0,0,114.40031,,1.9219700000000002,2.9436400000000003,1.00348,0.07364730000000001,5.89264,0.5954510000000001,0.48311800000000005,1.89293,0.5616680000000001,0.0,0.0,0.0,0.458951801,0.020935797,1.97547522,GPR3,probable
297,1,1,41.837990000000005,-0.8064,0.021329499999999998,0.00550971,0.0193851,0.0164392,0.05927919999999999,0.631728,0.00744376,2.04687,0.00334462,0.0,0.0,0.0,0.778094649,0.9999948959999999,10.67917885,GRIN2B,probable
467,0,0,199.89032,0.3888,8.405339999999999,8.44484,3.6373800000000003,1.4871299999999998,5.6100900000000005,0.803821,1.8824400000000001,3.23413,2.24228,,,,0.593201816,1.41369e-06,,GUCY1A3,most likely
155,0,0,41.67691,0.4123,16.8543,8.702580000000001,7.052230000000001,2.82645,9.7685,2.7873200000000002,2.20439,21.5107,14.9786,,,,0.636561334,0.0009166339999999999,,GUCY1B3,most likely
12,0,0,13.11329,-0.2142,,,,,,,,,,0.0,0.0,0.0,0.146139458,0.026229492000000004,0.0,HEPN1,least likely
49,0,0,796.87118,0.2219,5.67733,2.2451,2.0836900000000003,3.24452,1.3168,1.55111,8.81602,0.7686029999999999,2.41589,0.0,0.0,0.0,0.146511853,8.49697e-07,12.72102078,HFE,most likely
10,0,0,16291.104180000002,0.2636,1503.69,513.8430000000001,961.497,467.87199999999996,721.047,392.79400000000004,1025.54,191.08599999999998,5071.19,0.869202136,0.0,0.0,0.328141659,0.002664635,10.54543118,HLA-B,probable
75,1,2,16622.23863,0.2096,13.2878,3.10347,10.6634,1.90703,9.84807,2.00496,5.77745,1.3094700000000001,456.036,0.0,0.0,0.0,0.186891869,0.16662533,12.35448238,HLA-DQA1,probable
194,0,0,116.32725,0.4063,337.884,87.9334,236.878,44.6309,159.89700000000002,43.6598,257.911,49.9007,4319.57,0.0,0.0,0.0,0.356269389,0.70016489,14.48467393,HLA-DRA,probable
286,1,1,91.19341999999999,0.5011,7.32477,0.645733,0.931263,0.06285489999999999,0.5753159999999999,0.9539549999999999,0.612625,2.35501,0.0173163,0.0,0.0,0.0,0.19659511699999999,0.001561168,3.93670914,HRH1,probable
311,0,0,1907.06868,-0.3337,78.6648,94.008,127.645,119.11399999999999,108.38799999999999,42.5554,43.4277,44.8875,10.9321,0.0,0.0,0.0,,,21.50009141,HSPA1A,probable
2063,0,0,2435.22546,0.3317,4.93633,1.05091,1.09584,0.71549,3.45595,164.327,2.1787900000000002,2.48279,2.32603,0.0,0.0,0.0,0.39679274,2.19041e-06,6.86005273,HSPA1L,probable
43,0,0,307.12317,0.4035,46.2009,27.4802,20.2703,17.3389,50.8541,92.3215,49.9197,23.0904,106.24,0.0,0.0,0.0,0.852899194,0.999958226,2.97639148,HSPA4,most likely
227,0,0,120.59948999999999,0.5009,0.126865,0.020687900000000002,0.0122753,0.0,0.283548,0.648295,0.017507599999999998,0.567062,0.0314624,0.0,0.0,0.0,0.49458882200000004,0.813006425,2.91372116,HTR1D,probable
109,0,0,168.09506000000002,0.4371,0.0818392,0.8498319999999999,0.00601563,0.0171578,0.8584370000000001,0.071949,0.202978,0.06627310000000002,0.00949186,0.0,0.0,0.0,0.72905165,0.6487875129999999,5.91668299,HTR4,probable
178,0,0,40.46933,0.5471,45.8872,103.698,126.928,184.72299999999998,26.7542,8.38843,10.718,59.8587,186.00599999999997,0.0,0.0,0.0,0.6853213909999999,0.376558105,4.60912048,IDH2,probable
30,1,0,98.37812,0.4175,13.6169,4.8623400000000006,0.6354449999999999,13.8385,0.591827,4.86163,3.3679699999999997,0.23938099999999998,14.241,0.0,0.8308635740000001,0.0,0.804062724,0.46952349600000004,6.8125021,IGF1,probable
26,0,0,2102.84042,0.2496,198.138,117.531,25.7585,143.431,103.351,10.23,5.46672,4.47816,0.353955,0.0,0.0,0.0,0.79961127,0.362251902,5.7405052,IGFBP3,probable
1210,1,2,133.86335,0.4516,13.581,5.28138,1.0078200000000002,0.22321999999999997,5.7234,0.625845,1.13151,0.614841,0.24794699999999997,0.0,0.549225289,0.0,0.401833534,0.289669117,3.9639913,IL6,probable
39,1,1,971.5298,-0.3997,20.7015,12.0884,3.30873,14.8659,40.47,8.06532,24.9679,11.2399,0.46357600000000004,0.0,0.742183659,0.0,,,2.98297969,IRS2,probable
181,0,0,3832.6979100000003,-0.389,4.7763,1.6813900000000002,0.755834,0.365726,5.29016,10.4741,0.387294,0.9888100000000001,0.196568,0.0,0.472965166,0.0,0.7233242990000001,4.0738499999999996e-05,7.94127642,ITGA2B,probable
17,0,0,1818.8962800000002,0.3241,50.9151,46.2352,39.4403,28.863000000000003,31.1453,19.041,32.6503,11.5828,1.02111,0.0,0.0,0.0,0.705665529,0.00048001900000000004,7.90802953,ITGB5,most likely
167,0,0,537.31129,-0.4961,57.4689,17.3389,11.7313,3.15198,12.3037,7.95499,6.714589999999999,6.16671,5.94623,0.0,0.494209116,0.0,0.824708164,0.999999616,5.85644216,JAG1,probable
24,0,0,123.58507,0.1733,7.486910000000001,0.23503200000000002,0.14673,0.805148,3.86749,0.7903680000000001,0.12065799999999999,4.01577,0.0342439,0.0,0.0,0.0,0.7285507920000001,0.98258787,11.69182943,KCNB1,probable
521,0,0,913.1814400000001,-0.4321,3.74621,0.792808,3.09145,0.24486799999999997,53.5812,8.005560000000001,3.39632,60.7794,0.871866,0.0,0.44203407100000003,0.0,0.714798927,0.999889995,3.81588039,KCNH3,probable
32,0,0,71.76069,0.2634,0.48408100000000004,0.125635,0.0737803,0.0322178,0.543503,0.8568969999999999,0.262734,0.44271099999999997,0.585553,0.0,0.0,0.0,0.7743014690000001,0.9999787509999999,3.75626441,KCNH4,probable
61,1,0,173.55232,0.4484,0.790484,7.86672,1.7699,0.604791,10.7255,1.1366399999999999,0.593442,3.50589,0.300937,0.0,0.8553976209999999,0.0,0.714407027,0.31472413,14.76606971,KCNJ11,most likely
39,0,0,532.76648,-0.2262,6.15963,1.31272,0.967893,0.133124,4.0018400000000005,4.1352199999999995,2.30117,0.165712,0.0113507,0.0,0.0,0.0,0.36942371700000004,0.10684794199999999,1.74820254,KCNK15,least likely
1000,1,0,11.36951,-0.2937,7.77762,10.9598,2.50238,0.279457,12.9208,0.812116,248.278,1.8862700000000001,0.0314508,0.615881762,0.0,0.0,,,2.92856602,KCNK3,probable
113,1,1,5.61975,0.5171,0.0808569,0.0167476,0.032694,0.0,1.21034,0.177921,0.217494,0.782834,0.05908340000000001,0.0,0.0,0.0,0.565498233,0.126993746,2.92012308,KCNK9,probable
53,0,0,200.0252,-0.2653,0.19302,0.10389300000000001,0.0366133,0.0303408,0.203706,0.48100699999999996,0.053123800000000006,2.79068,12.3533,0.0,0.0,0.0,0.7169443959999999,0.999535087,4.77313532,KCNQ5,probable
61,0,0,22.584220000000002,0.3521,76.3724,20.851999999999997,20.9196,15.4088,78.1255,194.016,44.8151,17.8441,96.3996,0.0,0.0,0.0,0.745582581,0.991027965,6.70370701,KDM1A,probable
958,0,0,5734.22375,-0.4264,32.6971,13.0445,13.4877,9.31893,40.1291,39.3658,14.7666,4.37036,25.2173,0.0,0.0,0.0,0.571837127,0.999994425,3.35283215,KDM6B,probable
32,0,0,2694.09373,-0.19399999999999998,0.0,0.0,0.0,0.0,0.0,0.177636,0.0,0.0,0.0,0.0,0.0,0.0,0.11190837599999999,0.017072106,1.98841355,KRTAP10-2,least likely
88,0,0,50.28346,0.3964,0.0,0.0,0.0,0.0,0.0,0.0,0.0,0.0,0.0,0.0,0.0,0.0,0.123297259,0.023274211,1.98717466,KRTAP20-1,least likely
101,0,0,160.69859,-0.2458,0.0,0.0,0.0,0.0,0.0,0.10370599999999999,0.0,0.0,0.0,0.0,0.0,0.0,0.123297259,0.5328569120000001,1.98717466,KRTAP6-3,least likely
170,0,0,370.17865,0.3065,0.0,0.0,0.0,0.0,0.0,0.0,0.0,0.0,0.0,0.0,0.0,0.0,0.11190837599999999,0.00547083,1.98841355,KRTAP9-7,least likely
28,1,0,654.0999400000001,-0.4081,49.6503,12.7385,8.65821,22.6645,9.28987,7.04122,91.7779,3.56167,31.6294,0.957427108,0.0,0.0,0.485596061,2.59266e-16,20.630263,LDLR,most likely
27,0,0,1102.81114,-0.2385,,,,,,,,,,0.0,0.0,0.0,0.132359073,0.0029253509999999996,4.52859362,LILRA3,least likely
46,0,0,175.30019,-0.272,13.2231,6.0925400000000005,7.49337,2.36997,21.9637,31.1575,12.2942,42.8476,57.5145,0.76088591,0.0,0.0,0.824708164,0.990896287,6.91609969,LIMK1,probable
6437,0,0,7952.876940000001,0.6727,80.3908,88.5586,27.9862,14.8307,33.3311,68.1228,27.3248,88.4649,52.8438,0.0,0.0,0.0,0.273053437,0.998848724,9.68123578,MAP4,probable
51,0,0,121.12066999999999,0.5027,36.7942,8.60647,10.6195,3.9526800000000004,19.0578,37.4156,25.8656,4.60796,10.6448,0.0,0.477882401,0.0,0.654942453,0.232913565,4.52819492,MAPK7,probable
862,0,0,48.85088,-0.5253,27.1536,20.1719,17.0428,10.9226,17.0492,36.5321,36.3519,22.017,64.1688,0.0,0.46594482299999995,0.0,0.824708164,0.9997365979999999,6.61160851,MAPKAP1,probable
325,0,0,4302.22642,0.4471,1.79092,2.8254,7.07255,0.261872,51.9157,7.675089999999999,0.874616,74.5906,0.104208,0.0,0.0,0.0,0.565020561,4.6826499999999996e-05,27.47563542,MAPT,probable
34,1,0,40.92143,-0.3182,237.898,97.9472,82.7396,108.978,143.494,89.6183,153.66,43.0531,246.511,0.0,0.0,0.0,0.700975537,0.950092967,9.69401325,MCL1,probable
1167,0,0,4.23961,0.6824,147.746,10.1845,6.28383,1.80633,223.19099999999997,16.9054,47.2146,7.44232,3.7517300000000002,0.0,0.0,0.0,0.7671471240000001,0.022432784,2.93755893,MDK,probable
50,0,0,3.5306800000000003,-0.6337,,,,,,,,,,,,,,,,MGC10955,least likely
45,0,0,1715.16552,-0.3807,27.3257,18.0085,9.690339999999999,9.20037,33.385999999999996,44.4973,18.9527,9.24029,48.5219,0.0,0.0,0.0,0.6505452389999999,0.7395783109999999,8.26567547,MLH1,probable
1040,1,0,140.44703,-0.3382,1.57504,0.573395,37.7336,5.8127,0.501727,0.9214129999999999,0.206853,0.0896445,0.0780681,0.0,0.0,0.0,0.743839204,2.19309e-08,12.90950108,MME,most likely
712,0,0,264.93653,-0.2642,0.34928200000000004,0.20618499999999998,0.10445399999999999,0.0398599,0.28517600000000004,1.47414,0.11920599999999999,0.174319,0.0381268,0.8940809679999999,0.39536729299999995,0.0,0.597733259,1.43928e-06,5.8717989,MPL,probable
1,1,0,4524.99996,,14.8533,14.7015,8.27033,4.96152,20.1781,15.5602,9.64992,4.17946,8.690389999999999,0.0,0.0,0.0,0.37917918,2.45516e-07,1.99733796,MTHFR,probable
21,1,2,324.5184,-0.1934,0.0,0.0,0.0,0.0,0.0,0.658488,0.0,0.00904824,0.0,0.0,0.0,0.0,0.5017508860000001,0.00870273,1.74820254,MTNR1B,probable
58,0,0,1618.50988,0.505,0.0,0.0,0.0,0.0,0.0,0.0,0.0930855,0.0,0.0,0.0,0.0,0.0,,,1.99932516,MTRNR2L5,least likely
57,0,0,4.81382,-0.4319,0.0888322,0.161113,0.180673,0.10104400000000001,0.08124400000000001,0.131827,0.153384,0.481583,0.07650219999999999,0.0,0.0,0.0,,,1.9940426,MTRNR2L6,least likely
1,1,0,5098.77916,,0.0888147,4609.46,0.175347,0.169688,5.64919,0.42880799999999997,0.300026,0.322459,0.483849,0.0,0.5585722710000001,0.0,0.495365709,1.27599e-17,7.02337534,MYH6,probable
1,0,0,108.56923,,0.18153,592.177,0.34738,0.49636199999999997,3.03324,2.69373,0.672952,1.40899,1.02557,0.957427108,0.0,0.0,0.631864309,0.000145766,5.87436508,MYH7,probable
31,0,0,2287.01575,-0.17800000000000002,2.9403200000000003,49.4178,0.987793,0.619648,4.1206,32.7457,0.611083,4.141780000000001,0.410157,0.0,0.0,0.0,0.7815916540000001,1.33081e-23,2.98610432,MYH7B,probable
40,0,0,547.26349,-0.3687,39.4992,15.9081,10.2196,11.9914,26.0401,81.3088,29.945,13.4555,105.09200000000001,0.0,0.0,0.0,0.7920728920000001,0.999998877,7.54165982,MYO9B,most likely
784,0,0,3780.70014,0.5874,0.0,0.0,0.0,0.0,0.292167,1.5169700000000002,0.0,0.0,0.0,0.0,0.0,0.0,0.11190837599999999,0.087453851,0.0,NBPF6,least likely
37,0,0,11.36697,-0.4375,50.4535,46.4213,52.028999999999996,39.1901,61.6546,79.8628,70.5451,44.6516,83.4268,0.0,0.0,0.0,0.432313383,0.339536516,2.00140612,NDUFA2,probable
256,0,0,27.098679999999998,-0.4045,37.3734,41.2143,36.7924,28.5577,54.4568,48.6447,54.8533,41.1691,62.5508,0.0,0.0,0.0,0.32070040699999997,0.047137034,5.62602042,NDUFS3,probable
102,1,1,42.022220000000004,0.3845,2.24275,5.9425,12.514000000000001,2.45612,16.2123,4.1627,5.594530000000001,5.34008,3.8322,0.0,0.899703515,0.0,0.824708164,0.999966646,7.68047773,NEDD4L,most likely
656,0,0,133.06333,-0.5093,0.0,0.0,0.0,0.0,15.6431,1.11565,0.00887582,0.0,0.0,0.0,0.0,0.0,0.444330692,0.14055261900000002,0.0,NEUROD4,least likely
32,1,0,363.12652,0.2836,13.4901,8.83257,5.7630099999999995,1.8293,8.49258,13.1943,4.97365,2.08454,0.235102,0.957427108,0.882196062,0.0,0.636561334,2.21161e-05,9.79939448,NOS3,probable
52,0,0,203.86765,0.3503,3.40164,0.758369,1.1754200000000001,1.0965200000000002,2.14771,4.39466,0.829499,0.8842479999999999,1.4108,0.0,0.0,0.0,,,1.99992573,NPIPB11,least likely
1,1,0,1308.42229,,2.0292,28754.0,1.1989100000000001,1.3644,5.93242,13.3073,1.8096700000000001,2.71046,2.2944400000000003,0.0,0.89609491,0.0,0.244530007,0.016931635,6.90823393,NPPA,most likely
1,1,2,41.12591,,0.14807,1639.56,0.113773,0.114646,0.514502,0.583287,0.158882,0.22417399999999998,0.120796,0.0,0.0,0.0,0.181705475,0.00038006,2.83811816,NPPB,most likely
45,1,0,1510.90255,0.2257,90.994,16.8415,36.43,2.39363,8.673639999999999,3.86741,14.0193,0.802801,3.70879,0.0,0.9328006059999999,0.0,0.711480618,0.00017250900000000002,3.98295932,NPR1,most likely
39,1,0,1772.5294399999998,0.5137,2.5228099999999998,5.50333,11.0834,1.30813,0.339425,0.9981399999999999,2.84903,0.223057,0.046516699999999994,0.0,0.853179975,0.0,0.622939706,0.0030992629999999997,3.99033126,NPR3,most likely
305,0,0,3330.1141399999997,-0.3613,13.5656,7.329460000000001,30.3739,0.755957,7.11795,4.84516,57.0004,17.1414,17.1921,0.0,0.0,0.0,0.575230479,4.52405e-11,3.8377306000000004,NQO1,probable
257,0,0,7029.68062,-0.4635,0.30180999999999997,0.442168,1.19746,1.00514,2.24661,2.34743,0.19831400000000002,0.358242,0.00389043,0.0,0.5457224070000001,0.0,0.653915465,0.947798762,10.93726445,NRG1,probable
74,0,0,1330.90849,-0.1726,13.6071,3.6744800000000004,3.9266099999999997,5.17312,4.7245,7.69615,10.4093,1.71615,5.46974,0.0,0.0,0.0,0.762403488,0.991172158,4.62651381,NRIP1,probable
80,0,0,602.6159299999999,-0.3719,39.2225,11.4747,13.3721,7.496689999999999,31.1934,44.0492,24.128,10.4022,39.088,0.0,0.0,0.0,0.638582647,0.052197863,0.0,NT5C2,probable
650,1,0,4347.97507,-0.2948,19.77,13.3981,4.43272,6.780810000000001,36.0331,29.5574,10.2877,4.551419999999999,8.55087,0.0,0.431381082,0.0,0.22998991600000002,8.589880000000001e-08,7.6323214,NUCB2,probable
71,0,0,8.43166,-0.3434,1.97616,0.9647690000000001,0.406641,0.524384,1.8037,1.47809,0.9626610000000001,0.143568,2.10745,0.0,0.0,0.0,0.146139458,0.017329038999999997,,OCLM,least likely
19,1,0,2304.1461,0.2505,0.00719869,0.0,0.0,0.0,0.014081,2.53345,0.0,0.0319983,0.0,0.0,0.0,0.0,0.45271197,4.20778e-05,14.75014718,OPRM1,probable
998,0,0,1919.7932600000001,-0.5045,0.0,0.0,0.0,0.0,0.0,0.028390600000000002,0.0,0.0,0.0,0.0,0.0,0.0,0.11190837599999999,0.007138451999999999,0.0,OR10G9,least likely
19,0,0,1835.21965,-0.2854,0.0,0.0,0.0,0.0,0.0,16.648,0.0,0.0,0.0,0.0,0.0,0.0,0.17012570800000001,1.5923e-08,1.74820254,OR10J1,least likely
110,0,0,10099.652409999999,-0.4135,0.0,0.0,0.0,0.0,0.0,0.0,0.0,0.0,0.0,0.0,0.0,0.0,0.146139458,0.044375650999999995,0.0,OR10R2,least likely
1,0,0,2713.21922,,0.0,0.0,0.0,0.0,0.0,0.0654694,0.0,0.0,0.0,0.0,0.0,0.0,0.25535503,0.712159403,0.0,OR1D5,least likely
95,0,0,118.03568,0.3936,0.0,0.0,0.0,0.0,0.0,0.0,0.0,0.0,0.0,0.0,0.0,0.0,0.123297259,0.015283314,0.0,OR2AJ1,least likely
19,0,0,650.65007,-0.1345,0.0720918,0.0,0.0,0.0,0.11156700000000001,2.02284,0.0,0.12545499999999998,0.0,0.0,0.0,0.0,0.11190837599999999,0.0018677479999999998,0.0,OR2L2,least likely
178,0,0,2290.4589899999996,0.5922,0.056192599999999995,0.0,0.0,0.0,0.196918,0.11006400000000001,0.0,0.0,0.0,0.0,0.0,0.0,0.11190837599999999,6.39177e-05,0.0,OR2L3,least likely
46,0,0,239.02977,0.3589,0.0,0.0,0.0,0.0,0.0,0.0,0.0,0.0,0.0,0.0,0.0,0.0,0.146139458,6.75518e-05,0.0,OR4K13,least likely
53,0,0,2179.0808899999997,0.3499,2.05628,0.354944,0.43626400000000004,0.134019,0.883201,0.9581430000000001,0.203837,0.130576,1.74091,0.0,0.0,0.0,0.146139458,3.29465e-05,1.98266541,OR52N4,least likely
272,0,0,4882.5213,-0.3774,0.0,0.0,0.0,0.0,0.0,0.0,0.0,0.0,0.045759100000000004,0.0,0.0,0.0,0.11190837599999999,0.001920531,1.98266541,OR5K3,least likely
187,0,0,4489.110229999999,-0.3416,0.0,0.0,0.0,0.0,0.0,0.0910709,0.0,0.0,0.0644526,0.0,0.0,0.0,0.11190837599999999,9.27165e-07,1.98266541,OR5K4,least likely
92,0,0,2006.35393,-0.4847,0.0,0.0,0.0,0.0,0.0,0.0,0.0,0.0,0.0,0.0,0.0,0.0,0.144167379,0.017981897,0.0,OR6Y1,least likely
149,0,0,235.93422999999999,0.4266,10.1449,5.99989,6.23906,4.52536,16.347,24.6983,5.95188,6.83737,24.9875,0.0,0.0,0.0,0.579714477,0.9886424840000001,,OSGIN2,probable
68,0,0,41.402190000000004,0.359,0.885336,0.494738,3.09043,0.17297300000000002,0.9609219999999999,0.496205,0.8499200000000001,0.298815,0.0643215,0.0,0.49733194799999997,0.0,0.455463469,4.6383499999999997e-07,3.27505451,P2RY6,probable
82,0,0,216.58312999999998,-0.3275,0.0,0.0,0.0,0.0,0.0216121,0.907013,0.0358099,0.0258759,0.0,0.0,0.0,0.0,0.22862041,0.0018812420000000002,2.99226437,PANX3,least likely
1529,0,0,1247.40878,0.5461,0.0,0.0,0.0,0.0,0.0629701,0.0,0.0,0.0141248,0.0,0.0,0.0,0.0,0.146139458,0.007572397,1.86907763,PBOV1,least likely
96,1,1,48.90667,-0.5545,4.644909999999999,0.965037,2.10473,0.149176,4.02766,4.75542,0.758606,0.905014,0.012197399999999999,0.0,0.0,0.0,0.80871886,0.9984853509999999,2.99056035,PDE10A,probable
166,1,1,1086.9460800000002,-0.2903,0.16086,0.0398338,0.308359,1.43363,1.5748799999999998,1.75341,0.18208,0.43783599999999995,0.0101761,0.957427108,0.0,0.0,0.527515531,4.16725e-31,0.0,PDE11A,probable
745,0,0,40.97898,-0.5346,11.0839,4.139390000000001,7.70252,0.721368,1.64713,18.0719,2.37502,7.51243,0.0230582,0.0,0.0,0.0,0.54646343,0.730656355,2.96331746,PDE1A,most likely
597,1,0,1899.16799,-0.4488,9.08769,22.7791,2.2324599999999997,0.732066,2.5975599999999996,0.91261,0.6626569999999999,1.3928,0.0277649,0.957427108,0.0,0.0,0.7462295290000001,0.10661209599999999,1.99962367,PDE3A,probable
41,1,1,426.62285999999995,-0.4491,22.3949,3.38444,1.8988,0.44053000000000003,3.72276,7.18509,4.4193,1.06959,0.47075500000000003,0.0,0.0,0.0,0.640711069,0.003390906,0.0,PDE5A,probable
244,1,1,317.57217,0.3022,30.8388,12.51,19.7374,20.1172,24.7527,30.096999999999998,34.6952,17.389,28.6723,0.0,0.0,0.0,0.650558949,0.7134770570000001,1.99992492,PDE8A,probable
36,0,0,16.87911,-0.4523,21.6651,2.9645099999999998,4.87935,4.2196,3.82562,4.24083,13.9994,2.6086400000000003,0.033056300000000004,0.0,0.0,0.0,0.737545311,0.969061049,8.90483434,PDGFC,probable
129,1,1,599.71226,-0.3671,89.1068,21.9757,9.55813,4.4370400000000005,5.3129599999999995,12.3471,20.4762,16.7691,0.109071,0.0,0.494209116,0.0,0.852899194,0.99987673,10.79929478,PDGFRA,probable
14,0,0,289.79879,0.6378,247.283,65.0445,46.0841,40.5436,156.28,67.348,60.331,15.1948,21.8478,0.0,0.0,0.0,0.693781972,0.8757489620000001,3.66240179,PER1,probable
783,1,2,1363.72417,-0.4597,45.1429,2.41109,0.861067,0.108455,1.64211,2.14859,1.6983400000000002,0.263372,0.00860162,0.0,0.477894065,0.0,0.833875239,0.884782623,2.94475488,PGR,most likely
609,0,0,15.565570000000001,-0.5123,1.8136400000000001,1.86135,0.9600790000000001,0.245544,4.074330000000001,1.83402,0.440724,7.676589999999999,19.0303,0.0,0.0,0.0,0.209607884,0.664117315,3.97250131,PHACTR1,probable
35,0,0,76.83464000000001,0.2222,17.0934,12.3672,6.14034,1.15447,11.9708,43.0607,11.9342,6.81515,13.2168,0.0,0.0,0.0,0.71511656,1.4058600000000001e-06,1.99990361,PIK3R3,probable
47,0,0,,-0.312,0.221323,0.270404,0.0549654,0.5701609999999999,1.0015,1.39554,0.128442,0.0230773,0.0173583,,,,,,5.95345819,PKD1L3,probable
35,0,0,3481.9058299999997,-0.2666,0.0469471,0.00961757,0.18166600000000002,0.19178900000000002,0.0874236,4.34285,0.058538099999999996,0.058825,0.029756,0.0,0.0,0.0,0.25091123600000004,6.57114e-17,9.90845216,PKD2L1,most likely
56,0,0,22.08097,0.4133,3.03872,0.266072,1.15093,1.61753,3.77906,6.811539999999999,5.62176,0.22479200000000002,0.825902,0.0,0.0,0.0,0.34804943200000005,3.64893e-11,4.93580207,PLA2G1B,probable
19,0,0,81.7627,-0.3874,17.8625,16.4122,6.11369,0.6283770000000001,9.05755,19.3525,40.4021,20.2114,0.579364,0.0,0.0,0.0,0.275690168,0.00014329700000000002,2.87341017,PLCD3,most likely
18,0,0,134.29607,0.2175,0.0,0.0,0.0,0.0,0.24724200000000002,0.0867021,0.0684337,0.0,0.0,0.0,0.0,0.0,,,4.81544009,PLET1,least likely
35,0,0,15.564070000000001,-0.3834,18.1338,9.567260000000001,7.373419999999999,7.342160000000001,14.9695,30.8434,8.78881,7.992439999999999,28.6974,0.0,0.514240382,0.0,0.7944912909999999,0.9854495609999999,4.90475214,PPM1A,probable
651,0,0,6.37885,0.4462,19.3728,7.3242,5.36276,5.15203,14.8009,11.763,20.3513,39.9393,14.0476,0.0,0.0,0.0,0.824708164,0.998148789,8.79676704,PPP3CA,probable
36,1,1,21.403679999999998,0.3955,49.3274,18.5275,11.2124,6.634530000000001,39.5826,28.35,25.5312,26.471999999999998,35.7591,0.0,0.479453267,0.0,0.794239461,0.9997036490000001,6.7860231,PPP3CB,probable
1084,0,0,173.2434,-0.4041,0.0,0.0,0.0,0.0,0.0,0.548622,0.0,0.0,0.0,0.0,0.0,0.0,0.25535503,0.09810516400000001,,PRAMEF1,least likely
220,0,0,451.59604,-0.3102,0.0,0.0,0.0,0.0,0.0,0.225733,0.0,0.0,0.0,0.0,0.0,0.0,0.11190837599999999,3.89693e-06,,PRAMEF12,least likely
13,0,0,9600.77696,-0.3759,132.062,48.0168,44.9495,23.0327,127.525,268.744,68.8635,57.743,149.21,0.0,0.0,0.0,0.3721928,1.0,4.97086711,PRRC2A,probable
52,0,0,1699.4683100000002,0.2376,399.01599999999996,167.826,195.581,183.23,336.457,168.093,330.871,153.686,509.32199999999995,0.0,0.0,0.0,0.71101737,0.398813285,7.43867349,PSMB4,probable
260,0,0,0.9687,-0.28,140.593,96.4865,60.8859,66.6153,90.3624,153.472,99.2389,89.8726,155.60399999999998,0.0,0.0,0.0,0.7829608920000001,0.979199713,12.50320448,PSMC3,probable
67,0,0,5.143009999999999,0.4129,46.6741,25.8371,20.9657,21.1687,37.0037,53.4618,35.1958,17.5475,73.0406,0.0,0.0,0.0,0.7829608920000001,0.9997458090000001,9.67742038,PSMD11,probable
137,0,0,605.54211,-0.3169,27.808000000000003,7.358619999999999,7.47967,9.8677,18.8941,18.0196,23.2584,5.6134900000000005,27.2014,0.0,0.0,0.0,0.497687757,1.2658e-05,4.28855844,PSMD5,probable
457,0,0,3.61036,0.3197,50.9678,12.235999999999999,9.7955,11.1844,18.2386,20.6591,18.1346,9.74,62.4455,0.0,0.0,0.0,0.7829608920000001,0.9755068659999999,15.67297733,PTEN,probable
58,0,0,30.97993,-0.4131,191.628,66.0199,78.07300000000001,68.3244,124.461,140.452,96.4406,82.2452,292.246,0.0,0.0,0.0,0.824708164,0.87136585,7.74742911,PTGES3,probable
28,0,0,109.27526999999999,-0.2527,0.24368,0.0,0.692473,0.0694395,0.0827362,1.84327,0.0,0.142841,0.0642239,0.0,0.0,0.0,0.292119116,0.054416635,1.70705006,PYY,probable
326,0,0,186.7787,0.5895,16.1393,5.0117,5.2578,4.63894,13.0243,10.289000000000001,6.55567,3.55376,8.02587,0.0,0.0,0.0,0.5663051610000001,2.38442e-07,3.86565544,RAD52,most likely
322,0,0,1105.62229,-0.2548,298.733,38.1498,12.5735,1.7549400000000002,23.9336,1.81733,16.1616,0.838151,0.20585900000000001,0.0,0.0,0.0,0.13934290400000002,8.40652e-07,1.99980452,RARRES1,probable
39,0,0,8.76227,0.2862,0.0,0.0,0.0,0.0,0.0,0.915058,0.0,0.0,0.0,0.0,0.0,0.0,0.11190837599999999,0.006838299,0.0,RNASE12,least likely
18,0,0,37.629670000000004,0.2414,,,,,,,,,,,,,0.21414461699999998,0.029365312,,RP11-108K14.8,least likely
17,0,0,9663.74662,0.2315,3.1834700000000002,1.13703,0.921615,0.266307,2.88095,9.1775,1.15146,0.951184,1.2016200000000001,,,,,,,RP11-156E8.1,least likely
377,0,0,585.8790799999999,0.4066,0.0,0.0,0.0,0.0,0.0,0.0,0.0,0.0,0.0,,,,,,,RP11-160N1.10,least likely
492,0,0,24.8781,0.2664,0.7837810000000001,0.16093,0.12147100000000001,2.8411,0.04656969999999999,0.587745,0.250947,0.0625454,0.0,,,,,,,RP11-676J12.7,least likely
465,0,0,2.26953,-0.2725,0.269483,0.0837811,0.0579255,0.41996999999999995,0.7008939999999999,2.65571,0.0584635,0.0,0.0846201,,,,,,,RP11-701P16.2,least likely
44,0,0,76.62647,0.3302,1.72672,0.0,0.320612,0.0,0.0,0.0,0.0,0.0,0.0943672,,,,,,,RP11-763F8.1,least likely
180,1,0,987.0450699999999,0.2271,18.1162,6.85244,6.559139999999999,3.70345,10.5383,11.164000000000001,9.27608,6.68072,2.28843,0.0,0.0,0.0,0.426189721,0.38005409,2.97179723,SBF2,probable
320,1,1,1695.64989,-0.2424,0.0,0.0666701,0.0,0.0,0.0,0.458663,0.0,0.0,0.0,0.0,0.468244205,0.0,0.519814193,6.14215e-26,3.97098282,SCN10A,probable
208,0,0,693.6775,-0.2077,0.22657600000000003,0.0400799,1.97623,0.0255395,4.2176800000000005,0.357389,0.26426700000000003,4.213369999999999,0.00953275,0.0,0.0,0.0,0.778094649,0.999999992,10.68395422,SCN2A,probable
46,0,0,1095.64678,-0.2456,17.3535,14.1612,9.76468,7.914619999999999,15.2041,17.102,13.4375,5.9993099999999995,43.0456,0.957427108,0.0,0.0,0.55241257,0.00592219,1.96798985,SH2B3,probable
8,0,0,235.27173,-0.1763,0.919316,0.30356,1.29136,11.5862,0.969161,12.3003,1.3208,0.6753319999999999,0.112384,0.0,0.0,0.0,0.123297259,0.00018884200000000002,1.97755717,SHBG,most likely
1,0,0,986.92433,0.5332,21.6682,3.4118199999999996,73.167,181.10299999999998,5.50215,25.5073,8.91493,4.095330000000001,22.9632,0.0,0.0,0.0,0.770912826,1.86116e-07,2.97639148,SHMT1,probable
81,0,0,1292.6128,0.2211,4.19687,1.26999,0.5555720000000001,0.745953,1.8433099999999998,0.553005,0.43053199999999997,0.22064499999999998,0.506855,0.0,0.0,0.0,0.7044333220000001,0.993830465,2.8304118,SIK1,probable
26,0,0,43.02086,0.7476,20.1728,11.5672,9.88598,16.5816,33.4791,8.05378,13.8324,6.91608,10.638,0.0,0.0,0.0,0.809006751,0.999836809,2.8304118,SIK2,probable
215,0,0,,0.35100000000000003,24.9716,10.1906,8.750110000000001,8.82313,28.1664,49.9014,11.41,17.0967,12.9686,0.0,0.0,0.0,0.72829324,0.999882541,0.0,SIK3,probable
39,1,1,115.75595,0.2966,7.63253,3.4287699999999997,2.79033,1.6725400000000001,10.7423,15.6647,14.8726,9.10162,14.8188,0.0,0.8043549740000001,0.0,0.638582647,0.999438622,5.83357103,SLC12A2,most likely
28,1,0,6537.4246299999995,-0.1682,0.0727311,0.07868860000000001,0.224221,0.019087700000000003,0.0972405,0.875173,1.39574,0.0136593,0.11328699999999998,0.0,0.39536729299999995,0.0,0.17706593899999998,8.427410000000001e-14,3.79511105,SLC14A2,most likely
19,0,0,25.55771,0.2408,21.4042,22.2207,3.4310400000000003,14.9237,7.60566,37.9799,12.4444,11.7816,42.4107,0.0,0.0,0.0,0.788574338,0.8260678779999999,7.92021891,SLC16A1,probable
148,0,0,49.57694,-0.3138,0.0793024,0.028390499999999996,16.7694,197.43200000000002,0.471998,4.35115,0.0236993,0.103469,0.196669,0.0,0.0,0.0,0.319299012,3.7151599999999998e-06,3.64963493,SLC22A7,probable
1,1,1,1219.29265,,21.3428,42.7168,1.8524,1.46751,6.68359,7.211539999999999,5.12207,1.8697,0.187633,0.0,0.906644289,0.0,0.637993336,0.135386793,17.64906737,SLC2A4,most likely
9,0,0,415.36286,-0.22899999999999998,0.41317,24.0102,0.208525,1.04292,1.81762,6.14332,0.022321,0.06159590000000001,0.027667700000000003,0.0,0.0,0.0,0.6842550040000001,0.008031195999999999,2.93433955,SLC5A1,most likely
309,1,1,138.92944,0.3921,39.7777,19.2009,15.9714,10.3478,23.4148,7.27596,6.898110000000001,9.59361,24.6468,0.957427108,0.477894065,0.0,0.824708164,0.868268313,10.52385559,SMAD3,probable
66,0,0,10.57923,0.3742,27.0093,29.1221,38.9481,65.945,18.1638,16.97,70.4288,8.2075,9.09961,0.0,0.0,0.0,0.20791383100000002,0.00043925699999999997,2.99256063,SPR,probable
42,0,0,46.4952,-0.4599,134.428,23.8782,24.4597,18.3302,85.8141,44.0638,68.1193,18.964000000000002,59.0072,0.0,0.0,0.0,0.8395857809999999,0.99995316,3.66240179,STAT5B,probable
17,1,0,4051.69126,0.4441,10.9911,6.1683699999999995,6.666939999999999,0.663081,33.9272,51.9819,4.39686,20.4718,0.312763,0.0,0.9306270059999999,0.0,0.7864689229999999,0.999462431,7.79276302,STK39,probable
19,1,1,94.00915,0.4368,2937.24,287.439,166.705,38.9466,95.1329,124.167,162.261,18.0602,9.85485,0.0,0.0,0.0,0.444217145,0.24153768,0.0,TAGLN,probable
163,0,0,30.586759999999998,0.6295,0.291871,0.0452431,0.0,0.0,0.143327,0.140474,0.056772,0.029867599999999998,0.23428400000000002,0.0,0.0,0.0,0.123297259,0.000144124,1.98266541,TAS2R3,least likely
16,0,0,1623.12511,-0.2699,0.0,0.0,0.0,0.0,0.0,0.0980923,0.0,0.0,0.0,0.0,0.0,0.0,0.123297259,0.065390402,1.98266541,TAS2R38,least likely
118,0,0,802.33751,0.3182,1.80017,0.342841,0.540311,0.330379,2.46628,1.34866,0.58017,1.17634,1.1556799999999998,0.0,0.0,0.0,0.146139458,0.04973845,2.96764242,TAS2R4,least likely
272,0,0,305.63901,-0.4045,0.0,0.0,0.0,0.0,0.0,0.0,0.0,0.0,0.0,0.0,0.0,0.0,0.11190837599999999,6.3004e-06,1.98266541,TAS2R60,least likely
187,0,0,3.16493,-0.6705,0.017420500000000002,0.0,0.0,0.0,0.0174889,0.09160030000000001,0.0,0.0,0.0,0.0,0.0,0.0,0.186891869,0.49000214700000005,0.0,TBC1D3G,least likely
33,0,0,1070.45038,0.1975,27.9801,6.37634,5.36198,9.70064,11.8595,10.181000000000001,8.58968,4.22441,0.41522299999999995,0.0,0.0,0.0,0.824708164,0.989605029,6.56033859,TCF7L2,probable
30,0,0,56.376259999999995,0.9415,0.029888799999999997,0.0,0.0,0.0,0.011242100000000001,2.72336,0.0,0.0125066,0.366475,0.0,0.0,0.0,0.6933401229999999,0.8661511890000001,14.05338892,TERT,probable
73,0,0,3646.95795,0.2077,8.60392,2.33576,2.20424,1.37343,7.25045,1.5423200000000001,2.83893,1.29485,12.2708,0.8940809679999999,0.0,0.0,0.123297259,7.053680000000001e-26,0.0,TET2,probable
25,0,0,126.47135,0.1705,0.9835780000000001,0.170174,0.292548,0.0869152,0.407209,17.4274,0.15213800000000002,0.507414,0.670666,0.0,0.0,0.0,,,0.0,TEX22,least likely
1,1,0,472.6638,-0.3708,58.8729,30.3669,32.4722,8.999360000000001,33.8618,17.7424,40.4581,9.29795,155.283,0.0,0.731960198,0.0,0.831385493,0.35413252799999995,13.82529558,TGFB1,most likely
61,0,0,1518.2577800000001,0.2327,86.4257,12.202,12.0969,5.20517,11.3497,9.28207,33.1008,2.82918,1.05597,0.957427108,0.39536729299999995,0.0,0.679628551,0.011054798000000001,7.91602311,TGFBR3,probable
86,1,1,378.07788,-0.6402,66.0365,30.779,5.32661,3.44507,12.0492,4.40311,9.92719,8.14818,0.321486,0.0,0.47773547899999996,0.0,0.603037536,0.24500080300000002,2.97531153,THBS2,probable
400,0,0,1053.74919,-0.4406,21.5988,3.95025,6.79405,15.0274,14.0308,30.9423,20.0687,3.09361,17.3454,0.0,0.0,0.0,0.288511723,8.14596e-06,1.9977004,TMCO6,probable
1,0,0,,,102.421,36.4719,30.684,11.6694,29.5908,12.5914,39.4418,42.2885,14.0279,0.0,0.0,0.0,0.30187729,0.997954015,4.93672721,TNFSF12,probable
670,0,0,15.3263,-0.6038,28.1616,5.80175,5.9639999999999995,6.86862,8.45352,14.8261,13.5,3.66265,72.9493,0.957427108,0.5706635320000001,0.0,0.831385493,0.912222953,13.71759198,TP53,probable
5,0,0,49.60335,-0.2484,11.0452,4.0262,5.40266,3.26322,10.5093,37.6496,7.2098,4.17741,9.92295,0.0,0.0,0.0,0.444217145,0.505141848,3.52306165,TRIM13,probable
407,0,0,4421.9007,-0.5121,11.9609,3.09327,3.20722,2.53493,9.56511,8.37325,3.86499,2.38963,6.7163,0.0,0.0,0.0,0.288511723,0.000375248,5.80132248,TUBD1,probable
39,1,2,2192.08637,-0.1704,0.806562,0.36990700000000004,0.573239,0.32723,0.5479069999999999,2.73371,0.9041600000000001,1.56965,1.09133,0.0,0.0,0.0,0.824708164,0.988510645,1.86907763,UBASH3B,probable
894,1,1,836.4590099999999,-0.8241,0.0168321,0.0,190.47799999999998,0.0,0.0,0.863823,0.0,0.0,0.0,0.0,0.0,0.0,0.20848190800000002,3.18086e-08,8.912730499999999,UMOD,probable
1932,0,0,,0.5183,167.28799999999998,54.9,68.0375,24.5387,284.869,97.4831,107.867,197.515,47.8366,0.0,0.0,0.0,0.598057508,0.837117601,27.232862400000002,VAMP2,probable
237,1,0,55.75589,0.5131,2.09882,0.8374149999999999,9.82517,0.334088,19.1386,1.51429,11.7527,0.0763366,7.898110000000001,0.0,0.959358571,0.0,0.7864689229999999,0.39212521200000006,4.75766587,VDR,probable
376,1,0,95.26536999999999,-0.4626,103.281,127.229,118.08200000000001,143.583,34.8442,8.800419999999999,56.1953,16.6194,74.4515,0.0,0.5283317679999999,0.0,,,7.87963926,VEGFA,most likely
38,0,0,763.76634,0.2687,2.44604,1.5824200000000002,1.31409,0.631509,7.48462,3.51689,1.48386,1.9349,0.951715,0.0,0.0,0.0,0.146139458,0.310171245,1.98266541,VN1R1,least likely
494,0,0,815.64192,-0.3141,0.0,0.0,0.0,0.0,0.0,1.8114299999999999,0.0,0.0321137,0.0,0.0,0.0,0.0,0.11190837599999999,0.00012156600000000001,1.98266541,VN1R2,least likely
392,0,0,69.86384,-0.3303,18.552,7.93443,12.6153,12.7032,11.4917,24.8907,15.4007,11.5025,12.1813,0.0,0.0,0.0,0.745582581,0.046391622,7.92940676,YES1,probable
357,0,0,467.93908,0.5820000000000001,,,,,,,,,,,,,,,,Z98049.1,least likely
62,0,0,54.21767,0.2805,6.764239999999999,1.40316,2.18024,3.3864900000000002,2.43897,6.498469999999999,1.1851399999999999,0.635257,1.5967799999999999,0.0,0.0,0.0,0.7926150559999999,0.27266724800000003,6.84360167,ZAP70,probable
58,0,0,205.6394,0.3799,,,,,,,,,,,,,,,,ZMYM6NB,least likely
1,0,0,10798.95885,,,,,,,,,,,,,,,,,ZSCAN5D,least likely
